Bridge_id,Allele_id,Variant_id
B1,2,V45
B2,3,V45
B3,3,V9
B4,4,V7
B5,5,V6
B6,6,V25
B7,6,V56
B8,6,V89
B9,6,V101
B10,6,V111
B11,6,V123
B12,7,V45
B13,7,V1
B14,8,V9
B15,9,V61
B16,10,V45
B17,10,V61
B18,11,V45
B19,11,V57
B20,11,V9
B21,12,V23
B22,12,V45
B23,13,V22
B24,13,V45
B25,14,V14
B26,14,V57
B27,14,V9
B28,15,V45
B29,15,V105
B30,16,V10
B31,16,V12
B32,16,V13
B33,16,V45
B34,16,V9
B35,17,V38
B36,17,V45
B37,18,V45
B38,18,V103
B39,19,V45
B40,19,V112
B41,20,V45
B42,20,V123
B43,21,V128
B44,22,V123
B45,22,V9
B46,23,V124
B47,24,V45
B48,24,V60
B49,24,V9
B50,25,V122
B51,26,V45
B52,26,V122
B53,27,V45
B54,27,V107
B55,28,V38
B56,28,V45
B57,28,V9
B58,29,V31
B59,29,V45
B60,29,V9
B61,30,V17
B62,30,V45
B63,30,V9
B64,31,V102
B65,32,V141
B66,33,V51
B67,34,V45
B68,34,V77
B69,34,V9
B70,35,V18
B71,35,V25
B72,35,V47
B73,35,V56
B74,35,V116
B75,36,V46
B76,36,V10
B77,36,V12
B78,36,V18
B79,36,V45
B80,36,V9
B81,37,V113
B82,38,V55
B83,38,V102
B84,39,V45
B85,39,V69
B86,40,V26
B87,41,V45
B88,41,V98
B89,42,V35
B90,43,V15
B91,43,V45
B92,43,V9
B93,44,V19
B94,44,V45
B95,44,V9
B96,45,V30
B97,45,V45
B98,45,V9
B99,46,V42
B100,46,V45
B101,46,V9
B102,47,V45
B103,47,V79
B104,47,V9
B105,48,V45
B106,48,V80
B107,48,V9
B108,49,V45
B109,49,V82
B110,49,V9
B111,50,V45
B112,50,V103
B113,50,V9
B114,51,V45
B115,51,V105
B116,51,V9
B117,52,V45
B118,52,V123
B119,52,V9
B120,53,V45
B121,53,V57
B122,53,V9
B123,54,V57
B124,54,V9
B125,55,V143
B126,56,V27
B127,57,V87
B128,58,V87
B129,58,V93
B130,59,V25
B131,59,V87
B132,59,V93
B133,59,V111
B134,59,V123
B135,60,V87
B136,60,V93
B137,60,V111
B138,60,V123
B139,61,V144
B140,62,V45
B141,62,V65
B142,63,V45
B143,63,V123
B144,63,V1
B145,64,V45
B146,64,V125
B147,65,V79
B148,66,V139
B149,67,V41
B150,68,V37
B151,69,V50
B152,70,V33
B153,71,V45
B154,71,V134
B155,72,V45
B156,72,V102
B157,73,V34
B158,74,V16
B159,74,V45
B160,74,V9
B161,75,V45
B162,75,V108
B163,76,V91
B164,77,V119
B165,78,V45
B166,78,V87
B167,78,V93
B168,79,V118
B169,80,V36
B170,81,V45
B171,81,V109
B172,82,V40
B173,82,V45
B174,83,V45
B175,83,V93
B176,83,V111
B177,83,V123
B178,84,V45
B179,84,V119
B180,85,V25
B181,85,V56
B182,85,V89
B183,85,V101
B184,85,V115
B185,85,V117
B186,85,V137
B187,86,V131
B188,87,V71
B189,88,V7
B190,89,V87
B191,90,V11
B192,91,V20
B193,92,V40
B194,93,V66
B195,94,V39
B196,95,V138
B197,96,V128
B198,97,V129
B199,98,V102
B200,99,V67
B201,100,V60
B202,101,V2
B203,102,V8
B204,103,V126
B205,104,V3
B206,105,V69
B207,106,V97
B208,107,V24
B209,108,V55
B210,109,V73
B211,110,V74
B212,111,V113
B213,112,V116
B214,113,V87
B215,113,V93
B216,114,V121
B217,115,V95
B218,116,V53
B219,117,V106
B220,118,V70
B221,119,V4
B222,119,V81
B223,120,V62
B224,121,V134
B225,122,V63
B226,123,V76
B227,124,V142
B228,125,V133
B229,126,V120
B230,127,V68
B231,128,V130
B232,129,V86
B233,130,V92
B234,131,V52
B235,132,V140
B236,133,V45
B237,133,V87
B238,133,V93
B239,133,V111
B240,133,V115
B241,133,V117
B242,133,V123
B243,134,V45
B244,134,V117
B245,135,V56
B246,135,V89
B247,135,V101
B248,135,V117
B249,136,V25
B250,136,V56
B251,136,V89
B252,136,V100
B253,136,V101
B254,136,V115
B255,136,V117
B256,136,V137
B257,137,V45
B258,137,V115
B259,138,V25
B260,138,V56
B261,138,V89
B262,138,V101
B263,138,V115
B264,138,V137
B265,139,V25
B266,139,V89
B267,139,V101
B268,139,V115
B269,139,V117
B270,139,V137
B271,140,V25
B272,140,V56
B273,140,V115
B274,140,V117
B275,140,V137
B276,141,V25
B277,141,V56
B278,141,V89
B279,141,V99
B280,141,V101
B281,141,V115
B282,141,V117
B283,141,V137
B284,142,V25
B285,142,V56
B286,142,V89
B287,142,V115
B288,142,V117
B289,142,V137
B290,143,V25
B291,143,V56
B292,143,V84
B293,143,V89
B294,143,V101
B295,143,V115
B296,143,V117
B297,143,V137
B298,144,V25
B299,144,V56
B300,144,V85
B301,144,V89
B302,144,V101
B303,144,V115
B304,144,V117
B305,144,V137
B306,145,V25
B307,145,V56
B308,145,V89
B309,145,V101
B310,145,V115
B311,145,V137
B312,146,V21
B313,147,V10
B314,147,V12
B315,147,V13
B316,147,V18
B317,147,V21
B318,147,V25
B319,147,V87
B320,147,V93
B321,147,V111
B322,147,V123
B323,148,V21
B324,148,V75
B325,149,V21
B326,149,V25
B327,150,V21
B328,150,V87
B329,150,V93
B330,150,V111
B331,150,V123
B332,151,V21
B333,151,V25
B334,151,V87
B335,151,V93
B336,151,V102
B337,151,V111
B338,151,V123
B339,152,V21
B340,152,V28
B341,152,V45
B342,153,V21
B343,153,V89
B344,154,V21
B345,154,V25
B346,154,V64
B347,154,V87
B348,154,V93
B349,154,V111
B350,154,V123
B351,155,V21
B352,155,V25
B353,155,V78
B354,155,V87
B355,155,V93
B356,155,V111
B357,155,V123
B358,156,V21
B359,156,V25
B360,156,V87
B361,156,V93
B362,156,V111
B363,156,V123
B364,157,V21
B365,157,V45
B366,157,V9
B367,158,V21
B368,158,V25
B369,158,V87
B370,158,V111
B371,158,V123
B372,158,V7
B373,159,V10
B374,159,V12
B375,159,V13
B376,159,V21
B377,159,V25
B378,159,V56
B379,159,V89
B380,159,V101
B381,159,V115
B382,159,V117
B383,159,V137
B384,160,V21
B385,160,V44
B386,161,V21
B387,161,V110
B388,162,V21
B389,162,V28
B390,162,V45
B391,162,V104
B392,163,V21
B393,163,V135
B394,164,V21
B395,164,V28
B396,165,V21
B397,165,V25
B398,165,V58
B399,165,V87
B400,165,V93
B401,165,V111
B402,165,V123
B403,166,V21
B404,166,V25
B405,166,V59
B406,166,V87
B407,166,V93
B408,166,V111
B409,166,V123
B410,167,V21
B411,167,V25
B412,167,V49
B413,167,V87
B414,167,V93
B415,167,V111
B416,167,V123
B417,168,V21
B418,168,V25
B419,168,V32
B420,168,V87
B421,168,V93
B422,168,V111
B423,168,V123
B424,169,V10
B425,169,V12
B426,169,V13
B427,169,V18
B428,169,V21
B429,169,V25
B430,169,V93
B431,169,V111
B432,169,V123
B433,170,V10
B434,170,V12
B435,170,V13
B436,170,V18
B437,170,V21
B438,170,V25
B439,170,V87
B440,170,V93
B441,170,V123
B442,171,V18
B443,171,V21
B444,171,V25
B445,171,V93
B446,171,V111
B447,171,V123
B448,172,V10
B449,172,V12
B450,172,V13
B451,172,V21
B452,172,V25
B453,172,V87
B454,172,V93
B455,172,V123
B456,173,V21
B457,173,V25
B458,173,V56
B459,173,V89
B460,173,V101
B461,173,V115
B462,173,V117
B463,173,V137
B464,174,V21
B465,174,V25
B466,174,V87
B467,174,V111
B468,174,V123
B469,175,V21
B470,175,V87
B471,175,V111
B472,176,V21
B473,176,V87
B474,176,V111
B475,176,V123
B476,177,V21
B477,177,V48
B478,178,V21
B479,178,V116
B480,179,V21
B481,179,V25
B482,179,V87
B483,179,V93
B484,179,V94
B485,179,V111
B486,179,V123
B487,180,V21
B488,180,V106
B489,181,V4
B490,181,V10
B491,181,V12
B492,181,V13
B493,181,V18
B494,181,V21
B495,181,V25
B496,181,V87
B497,181,V93
B498,181,V111
B499,181,V123
B500,182,V10
B501,182,V12
B502,182,V13
B503,182,V21
B504,182,V25
B505,182,V87
B506,182,V93
B507,182,V111
B508,182,V123
B509,183,V21
B510,183,V123
B511,184,V10
B512,184,V12
B513,184,V13
B514,184,V18
B515,184,V21
B516,184,V25
B517,184,V64
B518,184,V87
B519,184,V93
B520,184,V111
B521,184,V123
B522,185,V21
B523,185,V75
B524,185,V5
B525,186,V14
B526,186,V21
B527,187,V10
B528,187,V12
B529,187,V21
B530,187,V25
B531,188,V62
B532,188,V18
B533,188,V25
B534,188,V56
B535,188,V116
B536,189,V62
B537,189,V18
B538,189,V25
B539,189,V56
B540,189,V88
B541,189,V96
B542,189,V116
B543,190,V62
B544,190,V18
B545,190,V25
B546,190,V56
B547,190,V96
B548,190,V116
B549,191,V62
B550,191,V18
B551,191,V25
B552,191,V47
B553,191,V56
B554,191,V116
B555,192,V45
B556,192,V119
B557,192,V9
B558,193,V127
B559,194,V127
B560,194,V21
B561,194,V45
B562,195,V29
B563,196,V64
B564,197,V45
B565,197,V132
B566,198,V136
B567,199,V87
B568,199,V93
B569,199,V111
B570,199,V123
B571,200,V25
B572,200,V87
B573,200,V93
B574,200,V111
B575,200,V123
B576,201,V90
B577,202,V25
B578,202,V54
B579,202,V56
B580,202,V89
B581,202,V101
B582,202,V115
B583,202,V117
B584,202,V137
B585,203,V25
B586,203,V56
B587,203,V72
B588,203,V89
B589,203,V101
B590,203,V115
B591,203,V117
B592,203,V137
B593,204,V43
B594,205,V83
B595,206,V114
B596,207,V10
B597,207,V12
B598,207,V145
B599,209,V174
B600,209,V176
B601,209,V177
B602,210,V176
B603,210,V177
B604,211,V149
B605,212,V174
B606,212,V176
B607,212,V177
B608,212,V149
B609,213,V175
B610,214,V158
B611,215,V163
B612,216,V162
B613,217,V147
B614,218,V148
B615,219,V150
B616,220,V164
B617,221,V161
B618,222,V170
B619,223,V169
B620,224,V168
B621,225,V146
B622,226,V167
B623,227,V178
B624,228,V172
B625,230,V199
B626,231,V225
B627,232,V207
B628,233,V203
B629,234,V199
B630,234,V205
B631,235,V222
B632,235,V199
B633,236,V196
B634,236,V199
B635,237,V197
B636,237,V199
B637,238,V199
B638,238,V218
B639,239,V199
B640,239,V201
B641,240,V204
B642,241,V212
B643,242,V217
B644,243,V200
B645,244,V216
B646,245,V202
B647,246,V223
B648,246,V224
B649,246,V226
B650,246,V227
B651,246,V228
B652,247,V223
B653,247,V224
B654,247,V226
B655,247,V227
B656,247,V228
B657,247,V199
B658,248,V199
B659,248,V208
B660,248,V211
B661,248,V215
B662,249,V223
B663,249,V224
B664,249,V226
B665,249,
B666,249,V228
B667,249,
B668,249,V208
B669,249,V211
B670,249,V215
B671,250,V199
B672,250,V220
B673,251,V223
B674,251,V224
B675,251,V226
B676,251,V227
B677,251,V228
B678,251,V199
B679,251,V220
B680,252,V223
B681,252,V224
B682,252,V226
B683,252,V227
B684,252,V228
B685,252,V229
B686,252,V230
B687,252,V195
B688,252,V199
B689,252,V211
B690,252,V220
B691,253,V199
B692,253,V208
B693,253,V211
B694,253,V220
B695,254,V198
B696,254,V199
B697,254,V220
B698,255,V199
B699,255,V209
B700,256,V219
B701,257,V221
B702,258,V210
B703,259,V206
B704,260,V244
B705,261,V245
B706,261,V244
B707,264,V214
B708,265,V190
B709,266,V188
B710,266,V190
B711,267,V187
B712,268,V189
B713,268,V192
B714,268,V193
B715,268,V194
B716,269,V184
B717,270,V184
B718,270,V165
B719,271,V186
B720,271,V174
B721,271,V176
B722,271,V177
B723,276,V151
B724,276,V152
B725,276,V153
B726,276,V154
B727,276,V155
B728,276,V156
B729,276,V157
B730,277,V151
B731,277,V152
B732,277,V153
B733,277,V154
B734,277,V155
B735,277,V156
B736,278,
B737,278,V159
B738,279,
B739,279,V159
B740,279,V160
B741,280,
B742,280,V166
B743,280,V168
B744,281,V181
B745,282,V235
B746,283,V235
B747,284,V235
B748,285,V235
B749,286,V235
B750,287,V235
B751,288,V235
B752,289,V235
B753,290,V235
B754,291,V235
B755,292,V235
B756,294,V237
B757,295,V238
B758,295,V213
B759,296,V238
B760,297,V236
B761,298,V233
B762,299,V239
B763,300,V241
B764,301,V240
B765,302,V234
B766,303,V242
B767,304,V242
B768,305,V243
B769,306,V180
B770,307,V179
B771,308,V171
B772,309,V191
B773,310,V173
B774,311,V246
B775,312,V246
B776,313,V231
B777,314,V232
B778,316,V249
B779,317,V247
B780,318,V247
B781,318,V249
B782,319,V269
B783,320,V251
B784,320,V278
B785,321,V251
B786,322,V254
B787,322,V278
B788,323,V254
B789,324,V255
B790,325,V260
B791,326,V267
B792,327,V268
B793,328,V266
B794,329,V266
B795,329,V283
B796,330,V271
B797,331,V270
B798,332,V275
B799,333,V273
B800,334,V274
B801,335,V276
B802,336,V277
B803,337,V282
B804,338,V248
B805,339,V250
B806,340,V259
B807,341,V263
B808,342,V252
B809,343,V258
B810,344,V261
B811,345,V264
B812,345,V280
B813,346,V272
B814,346,V249
B815,347,V253
B816,347,V249
B817,348,V275
B818,348,V249
B819,349,V279
B820,349,V249
B821,350,V282
B822,350,V249
B823,351,V257
B824,351,V249
B825,352,V265
B826,352,V249
B827,352,V256
B828,353,V262
B829,353,V249
B830,354,V281
B831,355,V285
B832,356,V286
B833,357,V284
B834,358,V1016
B835,359,V1026
B836,359,V1034
B837,360,V1026
B838,360,V1034
B839,360,V1036
B840,361,V1031
B841,362,V1018
B842,362,V1026
B843,362,V1034
B844,363,V1018
B845,363,V1031
B846,363,V1034
B847,364,V1018
B848,364,V1031
B849,364,V1027
B850,365,V1018
B851,365,V1026
B852,365,V1040
B853,366,V1020
B854,366,V1023
B855,366,V1026
B856,367,V1020
B857,367,V1023
B858,367,V1024
B859,368,V1020
B860,368,V1023
B861,368,V1029
B862,369,V1020
B863,369,V1023
B864,369,V1032
B865,370,V1020
B866,370,V1023
B867,370,V1037
B868,371,V1020
B869,371,V1023
B870,371,V1038
B871,372,V1017
B872,372,V1020
B873,372,V1023
B874,373,V1025
B875,373,V1020
B876,373,V1023
B877,374,V1031
B878,374,V1012
B879,374,V1014
B880,375,V1031
B881,375,V1020
B882,375,V1016
B883,376,V1031
B884,376,V1022
B885,376,V1016
B886,377,V1031
B887,377,V1027
B888,377,V1028
B889,378,V1031
B890,378,V1027
B891,378,V1032
B892,379,V1031
B893,379,V1027
B894,379,V1035
B895,380,V1031
B896,380,V1027
B897,380,V1037
B898,381,V1031
B899,381,V1030
B900,381,V1016
B901,382,V1031
B902,382,V1033
B903,382,V1027
B904,383,V1031
B905,383,V1013
B906,383,V1016
B907,384,V1031
B908,384,V1019
B909,384,V1027
B910,385,V1031
B911,385,V1027
B912,385,V1015
B913,386,V1021
B914,386,V1031
B915,386,V1027
B916,387,V1031
B917,387,V1039
B918,387,V1016
B919,389,V1202
B920,390,V1201
B921,391,V1203
B922,392,V1208
B923,393,V1205
B924,394,V1206
B925,395,V1204
B926,396,V1199
B927,397,V1207
B928,398,V1200
B929,400,V1210
B930,401,V1212
B931,402,V1213
B932,403,V1209
B933,404,V1211
B934,406,V1243
B935,407,V1239
B936,408,V1241
B937,409,V1242
B938,410,V1251
B939,411,V1253
B940,412,V1253
B941,412,V1231
B942,413,V1256
B943,414,V1260
B944,415,V1267
B945,416,V1268
B946,417,V1269
B947,418,V1271
B948,419,V1273
B949,420,V1277
B950,421,V1288
B951,422,V1289
B952,423,V1293
B953,424,V1296
B954,425,V1297
B955,426,V1304
B956,427,V1236
B957,428,V1305
B958,429,V1250
B959,430,V1265
B960,432,V1262
B961,433,V1300
B962,434,V1295
B963,435,V1266
B964,437,V1243
B965,437,V1237
B966,438,V1243
B967,438,V1246
B968,439,V1243
B969,439,V1271
B970,440,V1243
B971,440,V1279
B972,441,V1250
B973,442,V1281
B974,443,V1290
B975,444,V1291
B976,445,V1235
B977,445,V1240
B978,446,V1248
B979,447,V1254
B980,448,V1255
B981,449,V1259
B982,450,V1261
B983,451,V1263
B984,452,V1264
B985,453,V1275
B986,454,V1278
B987,455,V1283
B988,456,V1284
B989,456,V1285
B990,457,V1292
B991,458,V1294
B992,459,V1298
B993,460,V1299
B994,461,V1302
B995,462,V1232
B996,463,V1272
B997,464,V1274
B998,465,V1282
B999,466,V1234
B1000,467,V1287
B1001,468,V1276
B1002,469,V1252
B1003,470,V1238
B1004,471,V1243
B1005,471,V1249
B1006,472,V1257
B1007,473,V1244
B1008,474,V1245
B1009,475,V1247
B1010,476,V1258
B1011,477,V1270
B1012,478,V1280
B1013,479,V1286
B1014,480,V1303
B1015,480,V1301
B1016,481,V1233
B1017,482,V1243
B1018,482,V1302
B1019,483,V1306
B1020,485,V1313
B1021,486,V1331
B1022,487,V1331
B1023,487,V1309
B1024,488,V1331
B1025,488,V1319
B1026,489,V1314
B1027,490,V1316
B1028,491,V1319
B1029,492,V1327
B1030,493,V1329
B1031,494,V1332
B1032,495,V1334
B1033,496,V1307
B1034,496,V1308
B1035,497,V1311
B1036,498,V1315
B1037,499,V1315
B1038,499,V1323
B1039,500,V1315
B1040,500,V1338
B1041,501,V1340
B1042,502,V1322
B1043,503,V1310
B1044,503,V1315
B1045,504,V1318
B1046,505,V1320
B1047,506,V1321
B1048,507,V1324
B1049,508,V1325
B1050,509,V1326
B1051,510,V1328
B1052,511,V1330
B1053,512,V1316
B1054,512,V1335
B1055,513,V1336
B1056,514,V1339
B1057,515,V1341
B1058,516,V1342
B1059,517,V1312
B1060,518,V1333
B1061,519,V1317
B1062,520,V1337
B1063,521,V1347
B1064,522,V1343
B1065,523,V1345
B1066,524,V1346
B1067,525,V1344
B1068,527,V1447
B1069,528,V1432
B1070,529,V1431
B1071,530,V1443
B1072,531,V1434
B1073,532,V1436
B1074,533,V1452
B1075,534,V1449
B1076,535,V1445
B1077,536,V1450
B1078,537,V1441
B1079,538,V1451
B1080,539,V1440
B1081,540,V1446
B1082,541,V1433
B1083,542,V1435
B1084,543,V1448
B1085,544,V1437
B1086,545,V1438
B1087,546,V1442
B1088,547,V1439
B1089,548,V1429
B1090,548,V1430
B1091,549,V1444
B1092,550,V1457
B1093,550,V1458
B1094,550,V1460
B1095,550,V1462
B1096,550,V1464
B1097,550,V1453
B1098,551,V1456
B1099,551,V1465
B1100,552,V1455
B1101,553,V1459
B1102,553,V1461
B1103,553,V1465
B1104,554,V1461
B1105,555,V1463
B1106,556,V1465
B1107,557,V1454
B1108,558,V1466
B1109,560,V1467
B1110,561,V1470
B1111,562,V1469
B1112,563,V1468
B1113,565,V1473
B1114,566,V1471
B1115,567,V1472
B1116,569,V1500
B1117,570,V1496
B1118,571,V1497
B1119,572,V1499
B1120,573,V1492
B1121,573,V1495
B1122,574,V1491
B1123,575,V1493
B1124,576,V1502
B1125,577,V1503
B1126,578,V1498
B1127,579,V1501
B1128,580,V1494
B1129,581,V1500
B1130,581,V1490
B1131,583,V1507
B1132,584,V1504
B1133,585,V1506
B1134,586,V1509
B1135,587,V1512
B1136,588,V1514
B1137,589,V1515
B1138,590,V1516
B1139,591,V1517
B1140,592,V1505
B1141,593,V1507
B1142,593,V1513
B1143,594,V1511
B1144,595,V1510
B1145,596,V1508
B1146,598,V1569
B1147,599,V1568
B1148,600,V1568
B1149,600,V1570
B1150,601,V1571
B1151,602,V1569
B1152,602,V1571
B1153,604,V1624
B1154,605,V1643
B1155,606,V1651
B1156,607,V1613
B1157,608,V1618
B1158,609,V1617
B1159,610,V1621
B1160,611,V1623
B1161,612,V1625
B1162,613,V1632
B1163,614,V1611
B1164,615,V1614
B1165,616,V1640
B1166,617,V1648
B1167,618,V1637
B1168,619,V1639
B1169,620,V1631
B1170,621,V1635
B1171,622,V1644
B1172,623,V1649
B1173,624,V1610
B1174,625,V1634
B1175,626,V1627
B1176,626,V1638
B1177,627,V1635
B1178,627,V1639
B1179,628,V1650
B1180,629,V1615
B1181,630,V1639
B1182,630,V1631
B1183,631,V1626
B1184,632,V1646
B1185,633,V1652
B1186,634,V1620
B1187,635,V1622
B1188,636,V1628
B1189,637,V1633
B1190,638,V1609
B1191,639,V1616
B1192,640,V1612
B1193,641,V1647
B1194,642,V1642
B1195,643,V1645
B1196,644,V1608
B1197,645,V1619
B1198,646,V1630
B1199,647,V1636
B1200,648,V1629
B1201,649,V1638
B1202,649,V1641
B1203,651,V1670
B1204,652,V1669
B1205,653,V1671
B1206,654,V1672
B1207,656,V1705
B1208,658,V1702
B1209,659,V1701
B1210,660,V1704
B1211,661,V1703
B1212,662,V1700
B1213,663,V1699
B1214,664,V325
B1215,664,V392
B1216,665,V360
B1217,666,V360
B1218,666,V291
B1219,667,V360
B1220,667,V312
B1221,667,V313
B1222,667,V317
B1223,667,V319
B1224,667,V326
B1225,667,V291
B1226,668,V291
B1227,669,V360
B1228,669,V399
B1229,669,V403
B1230,669,V408
B1231,669,V411
B1232,669,V422
B1233,670,V360
B1234,670,V398
B1235,670,V399
B1236,670,V403
B1237,670,V408
B1238,670,V411
B1239,670,V422
B1240,671,V360
B1241,671,V349
B1242,671,V399
B1243,671,V403
B1244,671,V408
B1245,671,V411
B1246,671,V422
B1247,672,V399
B1248,672,V403
B1249,672,V408
B1250,672,V411
B1251,672,V422
B1252,673,V360
B1253,673,V399
B1254,673,V408
B1255,673,V411
B1256,674,V399
B1257,674,V408
B1258,674,V411
B1259,675,V322
B1260,676,V322
B1261,676,V403
B1262,677,V322
B1263,677,V403
B1264,677,V427
B1265,678,V322
B1266,678,V398
B1267,679,V322
B1268,679,V326
B1269,680,V360
B1270,680,V389
B1271,681,V389
B1272,682,V360
B1273,682,V399
B1274,682,V415
B1275,682,V299
B1276,683,V360
B1277,683,V399
B1278,683,V415
B1279,684,V360
B1280,684,V338
B1281,685,V360
B1282,685,V294
B1283,685,V338
B1284,686,V338
B1285,687,V351
B1286,688,V360
B1287,688,V377
B1288,689,V395
B1289,690,V388
B1290,691,V323
B1291,692,V360
B1292,692,V304
B1293,692,V305
B1294,693,V367
B1295,693,V371
B1296,693,V373
B1297,694,V425
B1298,695,V403
B1299,696,V360
B1300,696,V403
B1301,697,V360
B1302,697,V294
B1303,697,V403
B1304,698,V360
B1305,698,V403
B1306,698,V288
B1307,699,V360
B1308,699,V403
B1309,699,V291
B1310,700,V360
B1311,700,V294
B1312,700,V403
B1313,700,V405
B1314,700,V291
B1315,701,V403
B1316,701,V288
B1317,702,V360
B1318,702,V398
B1319,702,V403
B1320,703,V398
B1321,703,V403
B1322,704,V330
B1323,704,V403
B1324,705,V360
B1325,705,V403
B1326,705,V406
B1327,706,V360
B1328,706,V403
B1329,706,V427
B1330,707,V360
B1331,707,V399
B1332,707,V403
B1333,708,V360
B1334,708,V314
B1335,708,V347
B1336,708,V348
B1337,708,V403
B1338,708,V288
B1339,709,V360
B1340,709,V352
B1341,709,V403
B1342,709,V288
B1343,710,V360
B1344,710,V295
B1345,710,V403
B1346,711,V331
B1347,712,V360
B1348,712,V315
B1349,712,V331
B1350,713,V389
B1351,713,V398
B1352,713,V399
B1353,713,V403
B1354,713,V405
B1355,713,V408
B1356,713,V411
B1357,714,V360
B1358,714,V389
B1359,714,V398
B1360,714,V399
B1361,714,V403
B1362,714,V405
B1363,714,V408
B1364,714,V411
B1365,715,V386
B1366,716,V372
B1367,717,V402
B1368,718,V418
B1369,719,V302
B1370,720,V308
B1371,721,V437
B1372,722,V375
B1373,723,V397
B1374,724,V416
B1375,725,V369
B1376,726,V436
B1377,727,V318
B1378,728,V326
B1379,729,V398
B1380,729,V399
B1381,729,V403
B1382,729,V405
B1383,730,V287
B1384,731,V327
B1385,732,V330
B1386,733,V300
B1387,734,V370
B1388,735,V364
B1389,736,V438
B1390,737,V410
B1391,738,V429
B1392,739,V384
B1393,740,V391
B1394,741,V328
B1395,742,V394
B1396,743,V296
B1397,744,V412
B1398,745,V292
B1399,746,V413
B1400,747,V301
B1401,748,V360
B1402,748,V339
B1403,749,V357
B1404,750,V360
B1405,750,V312
B1406,750,V313
B1407,750,V317
B1408,750,V319
B1409,750,V326
B1410,750,V392
B1411,751,V330
B1412,752,V389
B1413,752,V398
B1414,752,V399
B1415,753,V338
B1416,754,V389
B1417,754,V398
B1418,754,V399
B1419,754,V403
B1420,754,V405
B1421,754,V408
B1422,754,V411
B1423,755,V389
B1424,755,V398
B1425,755,V399
B1426,755,V403
B1427,755,V405
B1428,755,V408
B1429,756,V366
B1430,757,V307
B1431,758,V307
B1432,759,V295
B1433,760,V367
B1434,760,V371
B1435,760,V373
B1436,760,V378
B1437,760,V381
B1438,760,V382
B1439,760,V383
B1440,761,V349
B1441,761,V367
B1442,761,V371
B1443,761,V373
B1444,761,V378
B1445,761,V381
B1446,761,V382
B1447,761,V383
B1448,762,V323
B1449,763,V333
B1450,764,V337
B1451,765,V363
B1452,766,V396
B1453,767,V401
B1454,768,V411
B1455,769,V419
B1456,770,V353
B1457,770,V297
B1458,771,V409
B1459,772,V376
B1460,773,V389
B1461,774,V427
B1462,775,V289
B1463,776,V290
B1464,777,V350
B1465,778,V341
B1466,779,V423
B1467,780,V390
B1468,781,V403
B1469,782,V359
B1470,783,V306
B1471,784,V431
B1472,785,V354
B1473,786,V361
B1474,787,V362
B1475,788,V432
B1476,789,V425
B1477,790,V303
B1478,791,V399
B1479,791,V403
B1480,791,V408
B1481,791,V411
B1482,791,V422
B1483,792,V430
B1484,793,V387
B1485,794,V357
B1486,795,V426
B1487,796,V342
B1488,797,V309
B1489,798,V434
B1490,799,V435
B1491,800,V424
B1492,801,V356
B1493,802,V310
B1494,803,V293
B1495,804,V385
B1496,805,V380
B1497,806,V325
B1498,806,V393
B1499,807,V365
B1500,808,V433
B1501,809,V398
B1502,809,V399
B1503,810,V398
B1504,810,V399
B1505,810,V403
B1506,810,V405
B1507,811,V398
B1508,812,V383
B1509,813,V351
B1510,814,V324
B1511,815,V332
B1512,816,V335
B1513,817,V340
B1514,818,V368
B1515,819,V421
B1516,820,V353
B1517,820,V355
B1518,821,V401
B1519,822,V404
B1520,823,V344
B1521,823,V346
B1522,824,V336
B1523,824,V344
B1524,824,V346
B1525,825,V428
B1526,826,V374
B1527,827,V360
B1528,828,V417
B1529,829,V311
B1530,830,V376
B1531,831,V320
B1532,832,V407
B1533,832,V422
B1534,833,V298
B1535,835,V360
B1536,835,V326
B1537,836,V326
B1538,837,V345
B1539,838,V414
B1540,839,V329
B1541,840,V334
B1542,841,V336
B1543,841,V344
B1544,841,V346
B1545,841,V349
B1546,843,V420
B1547,844,V379
B1548,845,V358
B1549,846,V321
B1550,847,V316
B1551,848,V387
B1552,849,V360
B1553,849,V312
B1554,849,V313
B1555,849,V317
B1556,849,V319
B1557,849,V326
B1558,849,V393
B1559,850,V400
B1560,851,V343
B1561,853,V634
B1562,854,V461
B1563,855,V554
B1564,855,V616
B1565,855,V626
B1566,855,V671
B1567,855,V703
B1568,855,V764
B1569,856,V542
B1570,856,V550
B1571,856,V559
B1572,856,V560
B1573,856,V582
B1574,857,V603
B1575,857,V609
B1576,857,V610
B1577,857,V626
B1578,858,V554
B1579,858,V616
B1580,858,V626
B1581,859,V554
B1582,859,V582
B1583,859,V616
B1584,859,V626
B1585,860,V616
B1586,860,V626
B1587,860,V671
B1588,860,V703
B1589,860,V764
B1590,861,V542
B1591,861,V550
B1592,861,V559
B1593,861,V560
B1594,861,V582
B1595,861,V616
B1596,861,V626
B1597,861,V671
B1598,861,V703
B1599,861,V764
B1600,862,V616
B1601,862,V626
B1602,863,V554
B1603,863,V616
B1604,863,V626
B1605,863,V703
B1606,864,V554
B1607,864,V616
B1608,864,V626
B1609,864,V455
B1610,866,V554
B1611,866,V616
B1612,866,V626
B1613,866,V703
B1614,866,V455
B1615,867,V790
B1616,867,V797
B1617,867,V806
B1618,867,V811
B1619,867,V814
B1620,867,V816
B1621,867,V818
B1622,867,V819
B1623,867,V821
B1624,867,V823
B1625,867,V452
B1626,867,V455
B1627,867,V456
B1628,867,V458
B1629,867,V459
B1630,867,V460
B1631,867,V461
B1632,867,V462
B1633,867,V493
B1634,867,V501
B1635,868,V455
B1636,868,V456
B1637,868,V458
B1638,868,V459
B1639,868,V460
B1640,868,V461
B1641,869,V806
B1642,869,V811
B1643,869,V814
B1644,869,V816
B1645,869,V818
B1646,869,V819
B1647,869,V821
B1648,869,V823
B1649,869,V452
B1650,869,V455
B1651,869,V456
B1652,869,V458
B1653,869,V459
B1654,869,V460
B1655,869,V461
B1656,869,V464
B1657,869,V494
B1658,869,V502
B1659,870,V455
B1660,870,V456
B1661,870,V458
B1662,870,V459
B1663,870,V460
B1664,870,V461
B1665,870,V494
B1666,870,V502
B1667,871,V703
B1668,871,V719
B1669,872,V703
B1670,872,V719
B1671,872,V727
B1672,872,V734
B1673,872,V738
B1674,872,V752
B1675,872,V754
B1676,873,V703
B1677,873,V708
B1678,873,V719
B1679,873,V727
B1680,874,V719
B1681,875,V718
B1682,876,V703
B1683,876,V719
B1684,876,V727
B1685,877,V703
B1686,877,V719
B1687,877,V727
B1688,877,V734
B1689,877,V738
B1690,877,V752
B1691,878,V703
B1692,878,V719
B1693,878,V727
B1694,878,V734
B1695,878,V738
B1696,879,V719
B1697,879,V727
B1698,880,V703
B1699,880,V719
B1700,880,V727
B1701,880,V734
B1702,880,V738
B1703,880,V752
B1704,880,V754
B1705,880,V790
B1706,880,V797
B1707,881,V641
B1708,881,V643
B1709,881,V648
B1710,881,V659
B1711,881,V663
B1712,881,V667
B1713,881,V671
B1714,881,V703
B1715,881,V708
B1716,881,V719
B1717,881,V727
B1718,881,V734
B1719,881,V738
B1720,881,V752
B1721,881,V754
B1722,882,V641
B1723,882,V643
B1724,882,V648
B1725,882,V659
B1726,882,V663
B1727,882,V667
B1728,882,V671
B1729,882,V703
B1730,882,V719
B1731,882,V727
B1732,882,V734
B1733,882,V738
B1734,882,V752
B1735,882,V754
B1736,882,V790
B1737,882,V797
B1738,883,V603
B1739,883,V609
B1740,883,V610
B1741,883,V626
B1742,883,V641
B1743,883,V643
B1744,883,V648
B1745,883,V659
B1746,883,V663
B1747,883,V667
B1748,883,V671
B1749,883,V703
B1750,883,V719
B1751,883,V727
B1752,883,V734
B1753,883,V738
B1754,883,V752
B1755,883,V754
B1756,883,V790
B1757,883,V797
B1758,884,V603
B1759,884,V609
B1760,884,V610
B1761,884,V626
B1762,884,V641
B1763,884,V643
B1764,884,V648
B1765,884,V659
B1766,884,V663
B1767,884,V667
B1768,884,V671
B1769,884,V703
B1770,884,V719
B1771,884,V727
B1772,884,V734
B1773,884,V738
B1774,884,V752
B1775,884,V754
B1776,884,V790
B1777,884,V797
B1778,884,V504
B1779,885,V603
B1780,885,V609
B1781,885,V610
B1782,885,V626
B1783,885,V641
B1784,885,V643
B1785,885,V648
B1786,885,V659
B1787,885,V663
B1788,885,V667
B1789,885,V671
B1790,885,V703
B1791,885,V719
B1792,885,V727
B1793,885,V734
B1794,885,V738
B1795,885,V752
B1796,885,V754
B1797,886,V586
B1798,887,V582
B1799,887,V586
B1800,888,V703
B1801,889,V441
B1802,889,V674
B1803,889,V695
B1804,889,V703
B1805,889,V707
B1806,889,V759
B1807,890,V671
B1808,890,V673
B1809,890,V703
B1810,890,V738
B1811,890,V810
B1812,890,V452
B1813,891,V671
B1814,891,V703
B1815,891,V452
B1816,892,V671
B1817,892,V703
B1818,892,V810
B1819,892,V452
B1820,893,V671
B1821,893,V703
B1822,893,V738
B1823,893,V810
B1824,893,V452
B1825,894,V671
B1826,894,V703
B1827,894,V738
B1828,894,V452
B1829,895,V671
B1830,895,V703
B1831,895,V719
B1832,895,V810
B1833,895,V452
B1834,896,V671
B1835,896,V703
B1836,896,V719
B1837,896,V738
B1838,896,V810
B1839,896,V452
B1840,897,V671
B1841,897,V703
B1842,898,V671
B1843,898,V703
B1844,898,V764
B1845,899,V634
B1846,899,V671
B1847,899,V703
B1848,899,V764
B1849,900,V671
B1850,900,V703
B1851,900,V764
B1852,900,V778
B1853,901,V542
B1854,901,V550
B1855,901,V559
B1856,901,V560
B1857,901,V671
B1858,901,V703
B1859,901,V810
B1860,901,V452
B1861,902,V479
B1862,903,V664
B1863,903,V479
B1864,904,V542
B1865,904,V479
B1866,905,V715
B1867,905,V479
B1868,906,V563
B1869,906,V826
B1870,906,V479
B1871,907,V770
B1872,907,V479
B1873,908,V718
B1874,908,V479
B1875,909,V703
B1876,909,V719
B1877,909,V479
B1878,910,V703
B1879,910,V719
B1880,910,V477
B1881,910,V479
B1882,911,V826
B1883,911,V479
B1884,912,V770
B1885,912,V826
B1886,912,V479
B1887,913,V595
B1888,913,V664
B1889,913,V479
B1890,914,V653
B1891,914,V479
B1892,915,V664
B1893,915,V735
B1894,915,V479
B1895,916,V571
B1896,916,V770
B1897,916,V479
B1898,917,V657
B1899,917,V479
B1900,918,V634
B1901,918,V479
B1902,919,V559
B1903,919,V560
B1904,919,V479
B1905,920,V557
B1906,920,V479
B1907,921,V784
B1908,922,V642
B1909,922,V703
B1910,923,V642
B1911,923,V703
B1912,923,V478
B1913,924,V616
B1914,924,V642
B1915,924,V703
B1916,925,V616
B1917,925,V626
B1918,925,V642
B1919,925,V703
B1920,926,V703
B1921,926,V708
B1922,926,V719
B1923,926,V727
B1924,926,V734
B1925,926,V738
B1926,926,V752
B1927,926,V754
B1928,927,V703
B1929,927,V708
B1930,927,V719
B1931,928,V703
B1932,928,V719
B1933,928,V727
B1934,928,V734
B1935,928,V738
B1936,928,V752
B1937,928,V754
B1938,928,V790
B1939,928,V797
B1940,928,V806
B1941,928,V811
B1942,928,V814
B1943,928,V816
B1944,928,V818
B1945,928,V819
B1946,928,V821
B1947,928,V823
B1948,928,V452
B1949,928,V455
B1950,928,V456
B1951,928,V458
B1952,928,V459
B1953,928,V460
B1954,928,V461
B1955,929,V703
B1956,929,V719
B1957,929,V727
B1958,929,V734
B1959,929,V738
B1960,929,V752
B1961,929,V754
B1962,929,V790
B1963,929,V797
B1964,929,V806
B1965,929,V811
B1966,929,V814
B1967,929,V816
B1968,929,V818
B1969,929,V819
B1970,929,V821
B1971,929,V823
B1972,930,V452
B1973,930,V455
B1974,930,V456
B1975,930,V458
B1976,930,V459
B1977,930,V460
B1978,930,V461
B1979,930,V494
B1980,930,V501
B1981,931,V773
B1982,932,V703
B1983,932,V708
B1984,933,V708
B1985,934,V703
B1986,934,V708
B1987,934,V719
B1988,935,V641
B1989,935,V643
B1990,935,V648
B1991,936,V641
B1992,936,V643
B1993,936,V648
B1994,936,V659
B1995,936,V663
B1996,936,V667
B1997,936,V671
B1998,937,V641
B1999,937,V643
B2000,937,V648
B2001,937,V655
B2002,938,V641
B2003,938,V643
B2004,939,V603
B2005,939,V609
B2006,939,V610
B2007,939,V626
B2008,939,V641
B2009,939,V643
B2010,939,V648
B2011,939,V659
B2012,939,V663
B2013,939,V667
B2014,939,V671
B2015,940,V639
B2016,941,V774
B2017,942,V722
B2018,943,V800
B2019,944,V714
B2020,945,V544
B2021,946,V465
B2022,947,V463
B2023,948,V457
B2024,949,V511
B2025,950,V638
B2026,951,V720
B2027,952,V703
B2028,952,V707
B2029,953,V713
B2030,954,V723
B2031,955,V469
B2032,956,V776
B2033,957,V678
B2034,958,V775
B2035,959,V734
B2036,960,V626
B2037,961,V582
B2038,962,V554
B2039,962,V616
B2040,962,V626
B2041,962,V642
B2042,962,V703
B2043,963,V703
B2044,963,V708
B2045,963,V719
B2046,963,V727
B2047,963,V734
B2048,963,V738
B2049,963,V752
B2050,963,V754
B2051,963,V790
B2052,963,V797
B2053,963,V806
B2054,963,V811
B2055,963,V814
B2056,963,V816
B2057,963,V818
B2058,963,V819
B2059,963,V821
B2060,963,V823
B2061,963,V452
B2062,963,V455
B2063,963,V456
B2064,963,V458
B2065,963,V459
B2066,963,V460
B2067,963,V461
B2068,964,V709
B2069,965,V635
B2070,966,V647
B2071,967,V542
B2072,967,V550
B2073,967,V559
B2074,967,V560
B2075,967,V582
B2076,967,V603
B2077,967,V609
B2078,967,V610
B2079,967,V626
B2080,968,V703
B2081,968,V727
B2082,968,V734
B2083,968,V738
B2084,968,V752
B2085,968,V754
B2086,968,V790
B2087,968,V797
B2088,969,V645
B2089,970,V646
B2090,971,V629
B2091,972,V456
B2092,972,V458
B2093,972,V459
B2094,972,V460
B2095,972,V461
B2096,973,V460
B2097,974,V536
B2098,975,V704
B2099,976,V593
B2100,977,V685
B2101,978,V568
B2102,979,V712
B2103,980,V689
B2104,981,V806
B2105,981,V811
B2106,981,V814
B2107,981,V816
B2108,981,V818
B2109,981,V819
B2110,981,V821
B2111,981,V823
B2112,981,V452
B2113,981,V455
B2114,981,V456
B2115,981,V458
B2116,981,V459
B2117,981,V460
B2118,981,V461
B2119,982,V650
B2120,983,V715
B2121,983,V823
B2122,984,V636
B2123,985,V626
B2124,985,V761
B2125,986,V637
B2126,987,V818
B2127,987,V819
B2128,987,V821
B2129,987,V823
B2130,988,V770
B2131,988,V775
B2132,988,V479
B2133,989,V583
B2134,990,V761
B2135,991,V652
B2136,991,V761
B2137,992,V727
B2138,992,V761
B2139,993,V703
B2140,993,V761
B2141,994,V489
B2142,995,V581
B2143,995,V489
B2144,996,V790
B2145,996,V797
B2146,996,V489
B2147,997,V787
B2148,998,V787
B2149,998,V550
B2150,1000,V624
B2151,1001,V579
B2152,1002,V448
B2153,1003,V792
B2154,1004,V780
B2155,1005,V496
B2156,1006,V481
B2157,1006,V496
B2158,1007,V496
B2159,1007,V505
B2160,1008,V784
B2161,1009,V768
B2162,1010,V766
B2163,1011,V659
B2164,1011,V667
B2165,1011,V671
B2166,1012,V773
B2167,1013,V696
B2168,1014,V595
B2169,1015,V556
B2170,1016,V676
B2171,1017,V533
B2172,1018,V800
B2173,1019,V522
B2174,1020,V684
B2175,1021,V446
B2176,1022,V596
B2177,1023,V573
B2178,1024,V702
B2179,1025,V484
B2180,1026,V550
B2181,1026,V559
B2182,1026,V560
B2183,1026,V667
B2184,1026,V703
B2185,1026,V738
B2186,1026,V810
B2187,1026,V452
B2188,1027,V451
B2189,1028,V551
B2190,1029,V476
B2191,1030,V649
B2192,1031,V760
B2193,1032,V572
B2194,1033,V772
B2195,1034,V613
B2196,1035,V769
B2197,1036,V447
B2198,1037,V671
B2199,1038,V502
B2200,1039,V494
B2201,1039,V502
B2202,1040,V523
B2203,1041,V672
B2204,1042,V731
B2205,1043,V504
B2206,1044,V763
B2207,1044,V504
B2208,1045,V562
B2209,1045,V763
B2210,1045,V504
B2211,1046,V520
B2212,1047,V594
B2213,1048,V553
B2214,1049,V747
B2215,1050,V730
B2216,1051,V667
B2217,1051,V671
B2218,1052,V795
B2219,1053,V737
B2220,1054,V605
B2221,1055,V785
B2222,1056,V698
B2223,1057,V689
B2224,1058,V442
B2225,1059,V482
B2226,1060,V518
B2227,1061,V577
B2228,1062,V700
B2229,1063,V742
B2230,1064,V781
B2231,1065,V716
B2232,1066,V790
B2233,1067,V729
B2234,1068,V546
B2235,1068,V515
B2236,1069,V809
B2237,1070,V445
B2238,1071,V580
B2239,1072,V513
B2240,1073,V531
B2241,1074,V561
B2242,1075,V503
B2243,1076,V517
B2244,1077,V744
B2245,1078,V527
B2246,1079,V662
B2247,1080,V654
B2248,1081,V505
B2249,1082,V498
B2250,1083,V529
B2251,1084,V567
B2252,1085,V563
B2253,1086,V454
B2254,1087,V606
B2255,1088,V552
B2256,1089,V710
B2257,1090,V824
B2258,1091,V499
B2259,1092,V481
B2260,1093,V601
B2261,1094,V783
B2262,1095,V732
B2263,1096,V733
B2264,1097,V657
B2265,1098,V741
B2266,1099,V475
B2267,1100,V752
B2268,1101,V679
B2269,1102,V736
B2270,1103,V793
B2271,1104,V543
B2272,1105,V558
B2273,1106,V565
B2274,1107,V566
B2275,1108,V576
B2276,1109,V607
B2277,1110,V617
B2278,1111,V682
B2279,1112,V687
B2280,1113,V779
B2281,1114,V812
B2282,1115,V817
B2283,1116,V599
B2284,1117,V598
B2285,1118,V600
B2286,1119,V763
B2287,1120,V762
B2288,1121,V549
B2289,1122,V562
B2290,1123,V608
B2291,1124,V667
B2292,1125,V706
B2293,1126,V506
B2294,1127,V507
B2295,1128,V509
B2296,1129,V510
B2297,1130,V545
B2298,1131,V570
B2299,1132,V611
B2300,1133,V612
B2301,1134,V491
B2302,1135,V782
B2303,1136,V619
B2304,1137,V749
B2305,1138,V777
B2306,1139,V492
B2307,1140,V528
B2308,1141,V704
B2309,1142,V711
B2310,1143,V547
B2311,1144,V665
B2312,1145,V618
B2313,1146,V622
B2314,1147,V621
B2315,1148,V705
B2316,1149,V748
B2317,1150,V585
B2318,1151,V548
B2319,1152,V555
B2320,1153,V604
B2321,1154,V692
B2322,1155,V724
B2323,1156,V500
B2324,1157,V767
B2325,1158,V651
B2326,1159,V514
B2327,1160,V791
B2328,1161,V675
B2329,1162,V750
B2330,1163,V449
B2331,1164,V746
B2332,1165,V701
B2333,1166,V524
B2334,1167,V614
B2335,1168,V656
B2336,1169,V537
B2337,1170,V538
B2338,1171,V569
B2339,1172,V615
B2340,1173,V630
B2341,1174,V631
B2342,1175,V521
B2343,1176,V534
B2344,1177,V627
B2345,1178,V751
B2346,1179,V681
B2347,1180,V794
B2348,1181,V683
B2349,1182,V508
B2350,1183,V796
B2351,1184,V686
B2352,1185,V487
B2353,1186,V540
B2354,1187,V593
B2355,1188,V840
B2356,1189,V771
B2357,1190,V535
B2358,1191,V532
B2359,1192,V825
B2360,1193,V512
B2361,1194,V472
B2362,1195,V539
B2363,1196,V541
B2364,1197,V592
B2365,1198,V756
B2366,1199,V524
B2367,1199,V466
B2368,1200,V486
B2369,1201,V444
B2370,1202,V480
B2371,1203,V575
B2372,1204,V778
B2373,1205,V589
B2374,1205,V541
B2375,1206,V628
B2376,1207,V839
B2377,1208,V728
B2378,1209,V783
B2379,1210,V644
B2380,1211,V836
B2381,1212,V450
B2382,1213,V483
B2383,1214,V837
B2384,1215,V440
B2385,1215,V674
B2386,1215,V695
B2387,1215,V703
B2388,1215,V707
B2389,1215,V759
B2390,1216,V828
B2391,1217,V830
B2392,1218,V831
B2393,1219,V829
B2394,1220,V833
B2395,1220,V439
B2396,1221,V554
B2397,1221,V616
B2398,1221,V626
B2399,1221,V833
B2400,1221,V439
B2401,1222,V554
B2402,1222,V616
B2403,1222,V626
B2404,1222,V834
B2405,1222,V439
B2406,1223,V832
B2407,1224,V633
B2408,1225,V519
B2409,1225,V690
B2410,1225,V691
B2411,1225,V820
B2412,1226,V574
B2413,1227,V584
B2414,1228,V625
B2415,1229,V632
B2416,1230,V661
B2417,1231,V688
B2418,1232,V725
B2419,1233,V693
B2420,1233,V694
B2421,1234,V759
B2422,1235,V798
B2423,1236,V806
B2424,1237,V822
B2425,1238,V508
B2426,1239,V597
B2427,1240,V588
B2428,1241,V591
B2429,1242,V485
B2430,1243,V788
B2431,1243,V802
B2432,1244,V813
B2433,1244,V815
B2434,1245,V699
B2435,1246,V739
B2436,1247,V804
B2437,1248,V753
B2438,1249,V726
B2439,1250,V677
B2440,1251,V587
B2441,1252,V473
B2442,1253,V578
B2443,1254,V803
B2444,1255,V745
B2445,1256,V453
B2446,1257,V602
B2447,1258,V835
B2448,1259,V827
B2449,1260,V525
B2450,1261,V564
B2451,1261,V504
B2452,1262,V660
B2453,1263,V740
B2454,1264,V765
B2455,1265,V789
B2456,1266,V805
B2457,1267,V807
B2458,1268,V794
B2459,1269,V488
B2460,1270,V755
B2461,1271,V801
B2462,1272,V468
B2463,1273,V444
B2464,1274,V757
B2465,1274,V490
B2466,1275,V668
B2467,1276,V516
B2468,1277,V808
B2469,1278,V743
B2470,1279,V799
B2471,1280,V474
B2472,1281,V530
B2473,1282,V495
B2474,1283,V838
B2475,1284,V590
B2476,1285,V680
B2477,1285,V479
B2478,1286,V467
B2479,1287,V470
B2480,1288,V603
B2481,1288,V609
B2482,1288,V610
B2483,1288,V626
B2484,1288,V671
B2485,1288,V703
B2486,1288,V764
B2487,1289,V623
B2488,1290,V620
B2489,1291,V666
B2490,1292,V497
B2491,1293,V526
B2492,1294,V697
B2493,1295,V786
B2494,1296,V443
B2495,1297,V471
B2496,1298,V717
B2497,1299,V721
B2498,1300,V542
B2499,1300,V554
B2500,1300,V616
B2501,1300,V626
B2502,1300,V658
B2503,1300,V674
B2504,1300,V695
B2505,1300,V703
B2506,1300,V707
B2507,1300,V759
B2508,1301,V640
B2509,1301,V669
B2510,1301,V670
B2511,1302,V758
B2512,1303,V858
B2513,1304,V858
B2514,1304,V873
B2515,1305,V858
B2516,1305,V852
B2517,1307,V866
B2518,1308,V867
B2519,1309,V861
B2520,1310,V846
B2521,1311,V878
B2522,1312,V869
B2523,1313,V841
B2524,1314,V864
B2525,1315,V849
B2526,1315,V853
B2527,1315,V854
B2528,1316,V862
B2529,1317,V852
B2530,1318,V869
B2531,1318,V852
B2532,1319,V879
B2533,1320,V859
B2534,1321,V857
B2535,1322,V865
B2536,1322,V847
B2537,1323,V856
B2538,1323,V876
B2539,1323,V877
B2540,1324,V871
B2541,1325,V851
B2542,1326,V860
B2543,1326,V843
B2544,1327,V844
B2545,1328,V850
B2546,1329,V872
B2547,1330,V868
B2548,1330,V876
B2549,1330,V877
B2550,1331,V869
B2551,1331,V870
B2552,1332,V848
B2553,1332,V849
B2554,1332,V853
B2555,1332,V854
B2556,1333,V874
B2557,1334,V855
B2558,1335,V875
B2559,1336,V863
B2560,1337,V845
B2561,1338,V880
B2562,1339,V842
B2563,1340,V980
B2564,1341,V977
B2565,1342,V980
B2566,1342,V995
B2567,1343,V978
B2568,1344,V908
B2569,1345,V995
B2570,1346,V923
B2571,1347,V905
B2572,1348,V912
B2573,1349,V971
B2574,1350,V972
B2575,1351,V1000
B2576,1352,V962
B2577,1353,V963
B2578,1354,V903
B2579,1355,V996
B2580,1356,V1007
B2581,1357,V886
B2582,1358,V973
B2583,1359,V988
B2584,1360,V888
B2585,1361,V989
B2586,1362,V987
B2587,1363,V928
B2588,1364,V1001
B2589,1365,V997
B2590,1366,V891
B2591,1367,V892
B2592,1368,V990
B2593,1369,V991
B2594,1369,V938
B2595,1370,V898
B2596,1371,V998
B2597,1372,V907
B2598,1373,V980
B2599,1373,V915
B2600,1374,V953
B2601,1374,V980
B2602,1375,V980
B2603,1375,V897
B2604,1376,V980
B2605,1376,V994
B2606,1377,V950
B2607,1378,V961
B2608,1378,V923
B2609,1379,V954
B2610,1380,V881
B2611,1381,V939
B2612,1382,V949
B2613,1383,V974
B2614,1384,V970
B2615,1385,V896
B2616,1386,V901
B2617,1387,V999
B2618,1388,V1002
B2619,1389,V1003
B2620,1390,V1005
B2621,1391,V887
B2622,1392,V904
B2623,1393,V909
B2624,1394,V915
B2625,1395,V937
B2626,1396,V910
B2627,1397,V934
B2628,1398,V986
B2629,1399,V927
B2630,1400,V983
B2631,1401,V935
B2632,1402,V961
B2633,1403,V985
B2634,1404,V952
B2635,1405,V913
B2636,1406,V984
B2637,1407,V922
B2638,1408,V967
B2639,1409,V919
B2640,1410,V995
B2641,1410,V943
B2642,1411,V964
B2643,1412,V965
B2644,1413,V889
B2645,1414,V925
B2646,1415,V942
B2647,1416,V902
B2648,1417,V956
B2649,1418,V957
B2650,1419,V959
B2651,1420,V948
B2652,1421,V1004
B2653,1421,V882
B2654,1422,V911
B2655,1423,V914
B2656,1424,V968
B2657,1425,V1011
B2658,1426,V947
B2659,1427,V899
B2660,1428,V924
B2661,1429,V960
B2662,1430,V936
B2663,1431,V982
B2664,1432,V929
B2665,1433,V951
B2666,1434,V926
B2667,1435,V917
B2668,1436,V894
B2669,1437,V1008
B2670,1438,V885
B2671,1439,V966
B2672,1440,V969
B2673,1441,V941
B2674,1442,V1006
B2675,1443,V995
B2676,1443,V900
B2677,1444,V979
B2678,1445,V980
B2679,1445,V1009
B2680,1446,V980
B2681,1446,V895
B2682,1446,V916
B2683,1447,V980
B2684,1447,V931
B2685,1447,V932
B2686,1448,V980
B2687,1448,V930
B2688,1448,V933
B2689,1449,V980
B2690,1449,V916
B2691,1449,V945
B2692,1450,V884
B2693,1451,V940
B2694,1452,V1010
B2695,1453,V944
B2696,1454,V918
B2697,1455,V958
B2698,1455,V893
B2699,1456,V921
B2700,1457,V906
B2701,1458,V920
B2702,1459,V992
B2703,1460,V890
B2704,1461,V946
B2705,1462,V955
B2706,1462,V995
B2707,1463,V883
B2708,1464,V976
B2709,1465,V993
B2710,1466,V981
B2711,1467,V914
B2712,1468,V975
B2713,1469,V1044
B2714,1470,V1045
B2715,1471,V1046
B2716,1472,V1051
B2717,1473,V1051
B2718,1473,V1056
B2719,1474,V1062
B2720,1475,V1045
B2721,1475,V1051
B2722,1475,V1056
B2723,1476,V1045
B2724,1476,V1047
B2725,1476,V1051
B2726,1476,V1056
B2727,1477,V1045
B2728,1477,V1052
B2729,1478,V1045
B2730,1478,V1068
B2731,1479,V1045
B2732,1479,V1069
B2733,1480,V1041
B2734,1481,V1053
B2735,1482,V1061
B2736,1483,V1054
B2737,1484,V1057
B2738,1485,V1058
B2739,1486,V1063
B2740,1487,V1042
B2741,1488,V1055
B2742,1489,V1064
B2743,1490,V1066
B2744,1491,V1041
B2745,1491,V1045
B2746,1492,V1045
B2747,1492,V1060
B2748,1493,V1045
B2749,1493,V1065
B2750,1494,V1045
B2751,1494,V1049
B2752,1495,V1045
B2753,1495,V1067
B2754,1496,V1045
B2755,1496,V1048
B2756,1497,V1043
B2757,1497,V1045
B2758,1498,V1045
B2759,1498,V1059
B2760,1499,V1045
B2761,1499,V1050
B2762,1500,V1124
B2763,1501,V1125
B2764,1502,V1075
B2765,1503,V1101
B2766,1504,V1090
B2767,1505,V1086
B2768,1506,V1116
B2769,1507,V1075
B2770,1507,V1108
B2771,1508,V1098
B2772,1509,V1122
B2773,1510,V1076
B2774,1511,V1095
B2775,1512,V1090
B2776,1512,V1086
B2777,1513,V1075
B2778,1513,V1072
B2779,1514,V1105
B2780,1514,V1125
B2781,1515,V1112
B2782,1515,V1125
B2783,1516,V1075
B2784,1516,V1108
B2785,1516,V1125
B2786,1517,V1075
B2787,1517,V1125
B2788,1518,V1089
B2789,1518,V1125
B2790,1519,V1125
B2791,1519,V1133
B2792,1519,V1073
B2793,1520,V1070
B2794,1521,V1083
B2795,1522,V1107
B2796,1523,V1131
B2797,1524,V1106
B2798,1525,V1093
B2799,1526,V1114
B2800,1527,V1127
B2801,1528,V1088
B2802,1529,V1120
B2803,1531,V1103
B2804,1532,V1092
B2805,1533,V1096
B2806,1534,V1117
B2807,1535,V1129
B2808,1536,V1074
B2809,1536,V1099
B2810,1537,V1080
B2811,1538,V1119
B2812,1539,V1090
B2813,1539,V1086
B2814,1539,V1091
B2815,1539,V1108
B2816,1540,V1075
B2817,1540,V1084
B2818,1541,V1115
B2819,1542,V1132
B2820,1543,V1087
B2821,1544,V1090
B2822,1544,V1118
B2823,1545,V1121
B2824,1546,V1093
B2825,1546,V1125
B2826,1547,V1094
B2827,1547,V1125
B2828,1548,V1085
B2829,1548,V1125
B2830,1549,V1110
B2831,1549,V1125
B2832,1550,V1114
B2833,1550,V1125
B2834,1551,V1125
B2835,1551,V1128
B2836,1552,V1125
B2837,1552,V1130
B2838,1553,V1125
B2839,1553,V1131
B2840,1554,V1081
B2841,1554,V1125
B2842,1555,V1082
B2843,1555,V1125
B2844,1556,V1099
B2845,1556,V1102
B2846,1556,V1125
B2847,1557,V1097
B2848,1557,V1099
B2849,1557,V1125
B2850,1558,V1099
B2851,1558,V1104
B2852,1558,V1125
B2853,1559,V1125
B2854,1559,V1071
B2855,1560,V1125
B2856,1560,V1079
B2857,1561,V1125
B2858,1561,V1126
B2859,1562,V1119
B2860,1562,V1125
B2861,1563,V1106
B2862,1563,V1125
B2863,1564,V1113
B2864,1564,V1125
B2865,1565,V1109
B2866,1565,V1125
B2867,1566,V1074
B2868,1566,V1125
B2869,1567,V1078
B2870,1567,V1125
B2871,1568,V1108
B2872,1568,V1123
B2873,1568,V1125
B2874,1569,V1100
B2875,1569,V1125
B2876,1570,V1077
B2877,1570,V1125
B2878,1571,V1111
B2879,1571,V1108
B2880,1571,V1125
B2881,1572,V1157
B2882,1573,V1156
B2883,1574,V1155
B2884,1575,V1154
B2885,1576,V1143
B2886,1577,V1139
B2887,1578,V1141
B2888,1579,V1135
B2889,1580,V1146
B2890,1581,V1149
B2891,1582,V1153
B2892,1583,V1152
B2893,1584,V1142
B2894,1585,V1151
B2895,1586,V1150
B2896,1587,V1145
B2897,1588,V1134
B2898,1588,V1144
B2899,1589,V1148
B2900,1590,V1147
B2901,1591,V1140
B2902,1592,V1136
B2903,1593,V1150
B2904,1594,V1146
B2905,1595,V1137
B2906,1596,V1138
B2907,1598,V1159
B2908,1599,V1161
B2909,1600,V1160
B2910,1601,V1158
B2911,1603,V1165
B2912,1604,V1166
B2913,1605,V1167
B2914,1607,V1162
B2915,1608,V1163
B2916,1609,V1164
B2917,1611,V1170
B2918,1612,V1171
B2919,1613,V1169
B2920,1614,V1174
B2921,1615,V1168
B2922,1616,V1176
B2923,1617,V1172
B2924,1617,V1173
B2925,1618,V1175
B2926,1619,V1177
B2927,1620,V1197
B2928,1621,V1196
B2929,1622,V1184
B2930,1623,V1186
B2931,1623,V1197
B2932,1624,V1192
B2933,1624,V1197
B2934,1625,V1189
B2935,1625,V1190
B2936,1626,V1194
B2937,1626,V1197
B2938,1627,V1193
B2939,1627,V1197
B2940,1628,V1188
B2941,1628,V1197
B2942,1629,V1191
B2943,1629,V1197
B2944,1630,V1185
B2945,1630,V1197
B2946,1631,V1182
B2947,1631,V1197
B2948,1632,V1195
B2949,1632,V1197
B2950,1633,V1198
B2951,1633,V1187
B2952,1633,V1197
B2953,1634,V1181
B2954,1634,V1197
B2955,1635,V1179
B2956,1636,V1178
B2957,1637,V1180
B2958,1638,V1183
B2959,1640,V1225
B2960,1641,V1224
B2961,1642,V1224
B2962,1642,V1226
B2963,1642,V1227
B2964,1642,V1228
B2965,1643,V1223
B2966,1644,V1229
B2967,1645,V1230
B2968,1647,V1216
B2969,1647,V1217
B2970,1647,V1218
B2971,1647,V1219
B2972,1647,V1220
B2973,1648,V1217
B2974,1649,V1222
B2975,1650,V1221
B2976,1651,V1215
B2977,1652,V1214
B2978,1654,V1355
B2979,1655,V1406
B2980,1656,V1399
B2981,1657,V1402
B2982,1658,V1400
B2983,1659,V1401
B2984,1660,V1392
B2985,1661,V1357
B2986,1662,V1363
B2987,1663,V1362
B2988,1664,V1366
B2989,1665,V1380
B2990,1666,V1382
B2991,1667,V1384
B2992,1668,V1387
B2993,1669,V1350
B2994,1670,V1352
B2995,1671,V1364
B2996,1672,V1368
B2997,1673,V1381
B2998,1674,V1386
B2999,1675,V1388
B3000,1676,V1360
B3001,1677,V1361
B3002,1678,V1370
B3003,1679,V1371
B3004,1680,V1373
B3005,1681,V1379
B3006,1682,V1385
B3007,1683,V1391
B3008,1684,V1353
B3009,1685,V1354
B3010,1686,V1390
B3011,1687,V1372
B3012,1688,V1375
B3013,1689,V1374
B3014,1690,V1359
B3015,1691,V1356
B3016,1692,V1349
B3017,1693,V1358
B3018,1694,V1377
B3019,1695,V1369
B3020,1696,V1351
B3021,1697,V1367
B3022,1698,V1383
B3023,1699,V1365
B3024,1700,V1378
B3025,1701,V1389
B3026,1702,V1376
B3027,1703,V1405
B3028,1704,V1348
B3029,1705,V1404
B3030,1706,V1403
B3031,1707,V1404
B3032,1708,V1404
B3033,1709,V1404
B3034,1710,V1404
B3035,1711,V1404
B3036,1712,V1404
B3037,1713,V1404
B3038,1714,V1395
B3039,1715,V1397
B3040,1716,V1394
B3041,1717,V1396
B3042,1718,V1398
B3043,1719,V1393
B3044,1721,V1424
B3045,1722,V1422
B3046,1723,V1423
B3047,1724,V1421
B3048,1725,V1427
B3049,1726,V1426
B3050,1727,V1425
B3051,1728,V1411
B3052,1729,V1420
B3053,1730,V1428
B3054,1731,V1416
B3055,1732,V1413
B3056,1733,V1418
B3057,1734,V1409
B3058,1735,V1414
B3059,1736,V1417
B3060,1737,V1415
B3061,1738,V1407
B3062,1738,V1412
B3063,1739,V1419
B3064,1740,V1408
B3065,1740,V1410
B3066,1742,V1476
B3067,1742,V1478
B3068,1743,V1477
B3069,1744,V1475
B3070,1745,V1474
B3071,1747,V1487
B3072,1747,V1482
B3073,1748,V1488
B3074,1749,V1480
B3075,1750,V1481
B3076,1751,V1479
B3077,1752,V1489
B3078,1752,V1482
B3079,1752,V1483
B3080,1753,V1485
B3081,1753,V1486
B3082,1753,V1482
B3083,1754,V1484
B3084,1756,V1519
B3085,1757,V1518
B3086,1759,V1542
B3087,1760,V1557
B3088,1761,V1546
B3089,1763,V1523
B3090,1764,V1532
B3091,1765,V1529
B3092,1766,V1545
B3093,1767,V1538
B3094,1768,V1540
B3095,1769,V1544
B3096,1770,V1552
B3097,1771,V1530
B3098,1772,V1535
B3099,1773,V1536
B3100,1774,V1554
B3101,1775,V1539
B3102,1776,V1563
B3103,1777,V1547
B3104,1778,V1554
B3105,1778,V1558
B3106,1779,V1522
B3107,1780,V1533
B3108,1781,V1525
B3109,1782,V1534
B3110,1783,V1564
B3111,1784,V1565
B3112,1785,V1566
B3113,1786,V1524
B3114,1787,V1560
B3115,1787,V1562
B3116,1788,V1561
B3117,1789,V1526
B3118,1790,V1528
B3119,1791,V1543
B3120,1792,V1521
B3121,1793,V1567
B3122,1794,V1520
B3123,1795,V1541
B3124,1796,V1555
B3125,1797,V1559
B3126,1798,V1550
B3127,1799,V1556
B3128,1800,V1553
B3129,1801,V1549
B3130,1802,V1548
B3131,1803,V1531
B3132,1804,V1537
B3133,1805,V1551
B3134,1806,V1527
B3135,1808,V1655
B3136,1809,V1660
B3137,1810,V1657
B3138,1811,V1658
B3139,1812,V1659
B3140,1813,V1656
B3141,1815,V1664
B3142,1816,V1663
B3143,1817,V1661
B3144,1817,V1667
B3145,1818,V1665
B3146,1819,V1662
B3147,1820,V1666
B3148,1821,V1668
B3149,1823,V1673
B3150,1825,V1676
B3151,1826,V1674
B3152,1827,V1675
B3153,1828,V1677
B3154,1830,V1678
B3155,1831,V1679
B3156,1833,V1681
B3157,1834,V1682
B3158,1835,V1680
B3159,1836,V1683
B3160,1838,V1686
B3161,1838,V1689
B3162,1839,V1687
B3163,1840,V1688
B3164,1841,V1684
B3165,1842,V1685
B3166,1844,V1694
B3167,1845,V1697
B3168,1846,V1693
B3169,1847,V1696
B3170,1848,V1690
B3171,1849,V1691
B3172,1850,V1692
B3173,1851,V1695
B3174,1853,V1698
B3175,1855,V1591
B3176,1856,V1600
B3177,1857,V1590
B3178,1857,V1600
B3179,1858,V1602
B3180,1859,V1589
B3181,1860,V1603
B3182,1861,V1590
B3183,1861,V1577
B3184,1862,V1572
B3185,1863,V1598
B3186,1864,V1601
B3187,1865,V1604
B3188,1866,V1605
B3189,1867,V1575
B3190,1868,V1590
B3191,1868,V1586
B3192,1869,V1574
B3193,1870,V1592
B3194,1871,V1606
B3195,1872,V1587
B3196,1873,V1607
B3197,1874,V1599
B3198,1875,V1576
B3199,1876,V1579
B3200,1877,V1580
B3201,1878,V1573
B3202,1879,V1588
B3203,1880,V1593
B3204,1880,V1576
B3205,1881,V1594
B3206,1882,V1585
B3207,1883,V1581
B3208,1884,V1593
B3209,1885,V1584
B3210,1886,V1578
B3211,1887,V1590
B3212,1888,V1593
B3213,1888,V1595
B3214,1889,V1593
B3215,1889,V1597
B3216,1890,V1596
B3217,1890,V1582
B3218,1891,V1583
B3219,1893,V1709
B3220,1894,V1734
B3221,1895,V1744
B3222,1896,V1758
B3223,1897,V1761
B3224,1898,V1770
B3225,1899,V1777
B3226,1900,V1776
B3227,1901,V1778
B3228,1902,V1774
B3229,1903,V1764
B3230,1904,V1731
B3231,1905,V1722
B3232,1906,V1729
B3233,1907,V1731
B3234,1907,V1737
B3235,1908,V1731
B3236,1908,V1712
B3237,1909,V1747
B3238,1910,V1769
B3239,1911,V1717
B3240,1911,V1718
B3241,1912,V1752
B3242,1913,V1775
B3243,1914,V1780
B3244,1915,V1738
B3245,1916,V1742
B3246,1917,V1748
B3247,1918,V1751
B3248,1919,V1762
B3249,1920,V1763
B3250,1921,V1768
B3251,1922,V1773
B3252,1923,V1779
B3253,1924,V1732
B3254,1925,V1739
B3255,1926,V1740
B3256,1927,V1745
B3257,1928,V1749
B3258,1929,V1755
B3259,1930,V1720
B3260,1931,V1721
B3261,1932,V1725
B3262,1933,V1727
B3263,1934,V1750
B3264,1935,V1716
B3265,1936,V1723
B3266,1937,V1753
B3267,1938,V1756
B3268,1939,V1766
B3269,1940,V1711
B3270,1941,V1719
B3271,1942,V1757
B3272,1943,V1728
B3273,1944,V1736
B3274,1945,V1741
B3275,1946,V1759
B3276,1947,V1767
B3277,1948,V1772
B3278,1949,V1714
B3279,1950,V1760
B3280,1951,V1715
B3281,1952,V1733
B3282,1953,V1765
B3283,1954,V1771
B3284,1955,V1735
B3285,1956,V1726
B3286,1957,V1746
B3287,1958,V1754
B3288,1959,V1710
B3289,1960,V1724
B3290,1961,V1730
B3291,1961,V1708
B3292,1962,V1713
B3293,1963,V1743
B3294,1964,V1730
B3295,1964,V1706
B3296,1965,V1730
B3297,1965,V1707
