Gene,ISBT_No,Accession,Transcript,Orientation,Exon_ID,Exon_name,chromosome,Start,End
ABO,1,NC_000009.12,NM_020469.3,-,NM_020469.3-1,ABO_exon1,chr9,133275162,133275201
ABO,1,NC_000009.12,NM_020469.3,-,NM_020469.3-2,ABO_exon2,chr9,133262099,133262168
ABO,1,NC_000009.12,NM_020469.3,-,NM_020469.3-3,ABO_exon3,chr9,133261318,133261374
ABO,1,NC_000009.12,NM_020469.3,-,NM_020469.3-4,ABO_exon4,chr9,133259819,133259866
ABO,1,NC_000009.12,NM_020469.3,-,NM_020469.3-5,ABO_exon5,chr9,133258097,133258132
ABO,1,NC_000009.12,NM_020469.3,-,NM_020469.3-6,ABO_exon6,chr9,133257524,133257542
ABO,1,NC_000009.12,NM_020469.3,-,NM_020469.3-7,ABO_exon7,chr9,133257409,133257521
ABO,1,NC_000009.12,NM_020469.3,-,NM_020469.3-8,ABO_exon8,chr9,133250401,133256356
GYPA,2,NC_000004.12,NM_002099.8,-,NM_002099.8-1,GYPA_exon1,chr4,144140599,144140718
GYPA,2,NC_000004.12,NM_002099.8,-,NM_002099.8-2,GYPA_exon2,chr4,144120490,144120588
GYPA,2,NC_000004.12,NM_002099.8,-,NM_002099.8-3,GYPA_exon3,chr4,144119686,144119781
GYPA,2,NC_000004.12,NM_002099.8,-,NM_002099.8-4,GYPA_exon4,chr4,144118714,144118752
GYPA,2,NC_000004.12,NM_002099.8,-,NM_002099.8-5,GYPA_exon5,chr4,144116854,144116939
GYPA,2,NC_000004.12,NM_002099.8,-,NM_002099.8-6,GYPA_exon6,chr4,144114689,144114767
GYPA,2,NC_000004.12,NM_002099.8,-,NM_002099.8-7,GYPA_exon7,chr4,144109303,144111410
GYPB,2,NC_000004.12,NM_002100.6,-,NM_002100.6-1,GYPB_exon1,chr4,144019251,144019380
GYPB,2,NC_000004.12,NM_002100.6,-,NM_002100.6-2,GYPB_exon2,chr4,144001185,144001283
GYPB,2,NC_000004.12,NM_002100.6,-,NM_002100.6-3,GYPB_exon3,chr4,143999411,143999449
GYPB,2,NC_000004.12,NM_002100.6,-,NM_002100.6-4,GYPB_exon4,chr4,143997540,143997634
GYPB,2,NC_000004.12,NM_002100.6,-,NM_002100.6-5,GYPB_exon5,chr4,143996104,143996304
GYPE,2,NC_000004.12,NM_002102.4,-,NM_002102.4-1,GYPE_exon1,chr4,143905471,143905559
GYPE,2,NC_000004.12,NM_002102.4,-,NM_002102.4-2,GYPE_exon2,chr4,143880411,143880509
GYPE,2,NC_000004.12,NM_002102.4,-,NM_002102.4-3,GYPE_exon3,chr4,143876746,143876855
GYPE,2,NC_000004.12,NM_002102.4,-,NM_002102.4-4,GYPE_exon4,chr4,143875315,143875509
A4GALT,3,NC_000022.11,NM_017436.7,-,NM_017436.7-1,A4GALT_exon1,chr22,42720797,42720870
A4GALT,3,NC_000022.11,NM_017436.7,-,NM_017436.7-2,A4GALT_exon2,chr22,42695491,42695631
A4GALT,3,NC_000022.11,NM_017436.7,-,NM_017436.7-3,A4GALT_exon3,chr22,42692121,42693997
RHCE,4,NC_000001.11,NM_020485.8,-,NM_020485.8-1,RHCE_exon 1,chr1,25420639,25420825
RHCE,4,NC_000001.11,NM_020485.8,-,NM_020485.8-2,RHCE_exon 2,chr1,25408683,25408869
RHCE,4,NC_000001.11,NM_020485.8,-,NM_020485.8-3,RHCE_exon 3,chr1,25402596,25402746
RHCE,4,NC_000001.11,NM_020485.8,-,NM_020485.8-4,RHCE_exon 4,chr1,25391994,25392141
RHCE,4,NC_000001.11,NM_020485.8,-,NM_020485.8-5,RHCE_exon 5,chr1,25390749,25390915
RHCE,4,NC_000001.11,NM_020485.8,-,NM_020485.8-6,RHCE_exon 6,chr1,25388976,25389113
RHCE,4,NC_000001.11,NM_020485.8,-,NM_020485.8-7,RHCE_exon 7,chr1,25385711,25385844
RHCE,4,NC_000001.11,NM_020485.8,-,NM_020485.8-8,RHCE_exon 8,chr1,25375349,25375428
RHCE,4,NC_000001.11,NM_020485.8,-,NM_020485.8-9,RHCE_exon 9,chr1,25370467,25370540
RHCE,4,NC_000001.11,NM_020485.8,-,NM_020485.8-10,RHCE_exon 10,chr1,25362249,25362553
RHD,4,NC_000001.11,NM_016124.6,+,NM_016124.6-1,RHD_exon 1,chr1,25272509,25272695
RHD,4,NC_000001.11,NM_016124.6,+,NM_016124.6-2,RHD_exon 2,chr1,25284573,25284759
RHD,4,NC_000001.11,NM_016124.6,+,NM_016124.6-3,RHD_exon 3,chr1,25290641,25290791
RHD,4,NC_000001.11,NM_016124.6,+,NM_016124.6-4,RHD_exon 4,chr1,25300946,25301093
RHD,4,NC_000001.11,NM_016124.6,+,NM_016124.6-5,RHD_exon 5,chr1,25301520,25301686
RHD,4,NC_000001.11,NM_016124.6,+,NM_016124.6-6,RHD_exon 6,chr1,25303322,25303459
RHD,4,NC_000001.11,NM_016124.6,+,NM_016124.6-7,RHD_exon 7,chr1,25306596,25306729
RHD,4,NC_000001.11,NM_016124.6,+,NM_016124.6-8,RHD_exon 8,chr1,25317000,25317079
RHD,4,NC_000001.11,NM_016124.6,+,NM_016124.6-9,RHD_exon 9,chr1,25321889,25321962
RHD,4,NC_000001.11,NM_016124.6,+,NM_016124.6-10,RHD_exon 10,chr1,25328898,25330445
BCAM,5,NC_000019.10,NM_005581.5,+,NM_005581.5-1,BCAM_exon1,chr19,44809103,44809206
BCAM,5,NC_000019.10,NM_005581.5,+,NM_005581.5-2,BCAM_exon2,chr19,44811225,44811346
BCAM,5,NC_000019.10,NM_005581.5,+,NM_005581.5-3,BCAM_exon3,chr19,44812163,44812391
BCAM,5,NC_000019.10,NM_005581.5,+,NM_005581.5-4,BCAM_exon4,chr19,44812478,44812548
BCAM,5,NC_000019.10,NM_005581.5,+,NM_005581.5-5,BCAM_exon5,chr19,44813250,44813346
BCAM,5,NC_000019.10,NM_005581.5,+,NM_005581.5-6,BCAM_exon6,chr19,44813438,44813620
BCAM,5,NC_000019.10,NM_005581.5,+,NM_005581.5-7,BCAM_exon7,chr19,44814152,44814288
BCAM,5,NC_000019.10,NM_005581.5,+,NM_005581.5-8,BCAM_exon8,chr19,44814604,44814760
BCAM,5,NC_000019.10,NM_005581.5,+,NM_005581.5-9,BCAM_exon9,chr19,44818522,44818637
BCAM,5,NC_000019.10,NM_005581.5,+,NM_005581.5-10,BCAM_exon10,chr19,44818741,44818882
BCAM,5,NC_000019.10,NM_005581.5,+,NM_005581.5-11,BCAM_exon11,chr19,44819056,44819192
BCAM,5,NC_000019.10,NM_005581.5,+,NM_005581.5-12,BCAM_exon12,chr19,44819346,44819490
BCAM,5,NC_000019.10,NM_005581.5,+,NM_005581.5-13,BCAM_exon13,chr19,44819582,44819726
BCAM,5,NC_000019.10,NM_005581.5,+,NM_005581.5-14,BCAM_exon14,chr19,44820705,44820822
BCAM,5,NC_000019.10,NM_005581.5,+,NM_005581.5-15,BCAM_exon15,chr19,44820916,44821421
KEL,6,NC_000007.14,NM_000420.3,-,NM_000420.3-1,KEL_exon 1,chr7,142962204,142962363
KEL,6,NC_000007.14,NM_000420.3,-,NM_000420.3-2,KEL_exon 2,chr7,142961795,142961872
KEL,6,NC_000007.14,NM_000420.3,-,NM_000420.3-3,KEL_exon 3,chr7,142961360,142961501
KEL,6,NC_000007.14,NM_000420.3,-,NM_000420.3-4,KEL_exon 4,chr7,142960928,142961104
KEL,6,NC_000007.14,NM_000420.3,-,NM_000420.3-5,KEL_exon 5,chr7,142958304,142958428
KEL,6,NC_000007.14,NM_000420.3,-,NM_000420.3-6,KEL_exon 6,chr7,142957827,142957973
KEL,6,NC_000007.14,NM_000420.3,-,NM_000420.3-7,KEL_exon 7,chr7,142954465,142954527
KEL,6,NC_000007.14,NM_000420.3,-,NM_000420.3-8,KEL_exon 8,chr7,142954184,142954372
KEL,6,NC_000007.14,NM_000420.3,-,NM_000420.3-9,KEL_exon 9,chr7,142953808,142953956
KEL,6,NC_000007.14,NM_000420.3,-,NM_000420.3-10,KEL_exon 10,chr7,142952509,142952638
KEL,6,NC_000007.14,NM_000420.3,-,NM_000420.3-11,KEL_exon 11,chr7,142946207,142946317
KEL,6,NC_000007.14,NM_000420.3,-,NM_000420.3-12,KEL_exon 12,chr7,142944643,142944741
KEL,6,NC_000007.14,NM_000420.3,-,NM_000420.3-13,KEL_exon 13,chr7,142944323,142944400
KEL,6,NC_000007.14,NM_000420.3,-,NM_000420.3-14,KEL_exon 14,chr7,142943783,142943883
KEL,6,NC_000007.14,NM_000420.3,-,NM_000420.3-15,KEL_exon 15,chr7,142943486,142943596
KEL,6,NC_000007.14,NM_000420.3,-,NM_000420.3-16,KEL_exon 16,chr7,142943276,142943343
KEL,6,NC_000007.14,NM_000420.3,-,NM_000420.3-17,KEL_exon 17,chr7,142942875,142943044
KEL,6,NC_000007.14,NM_000420.3,-,NM_000420.3-18,KEL_exon 18,chr7,142942434,142942529
KEL,6,NC_000007.14,NM_000420.3,-,NM_000420.3-19,KEL_exon 19,chr7,142941114,142941413
FUT3,7,NC_000019.10,NM_000149.4,-,NM_000149.4-1,FUT3_exon1,chr19,5851390,5851449
FUT3,7,NC_000019.10,NM_000149.4,-,NM_000149.4-2,FUT3_exon2,chr19,5846426,5846966
FUT3,7,NC_000019.10,NM_000149.4,-,NM_000149.4-3,FUT3_exon3,chr19,5842888,5844851
ACKR1,8,NC_000001.11,NM_002036.4,+,NM_002036.4-1,ACKR1_exon1,chr1,159204875,159204980
ACKR1,8,NC_000001.11,NM_002036.4,+,NM_002036.4-2,ACKR1_exon2,chr1,159205461,159206500
SLC14A1,9,NC_000018.10,NM_015865.7,+,NM_015865.7-1,SLC14A1_exon 1,chr18,45724181,45724273
SLC14A1,9,NC_000018.10,NM_015865.7,+,NM_015865.7-10,SLC14A1_exon 10,chr18,45749778,45752520
SLC14A1,9,NC_000018.10,NM_015865.7,+,NM_015865.7-2,SLC14A1_exon 2,chr18,45724950,45725013
SLC14A1,9,NC_000018.10,NM_015865.7,+,NM_015865.7-3,SLC14A1_exon 3,chr18,45730300,45730471
SLC14A1,9,NC_000018.10,NM_015865.7,+,NM_015865.7-4,SLC14A1_exon 4,chr18,45731015,45731204
SLC14A1,9,NC_000018.10,NM_015865.7,+,NM_015865.7-5,SLC14A1_exon 5,chr18,45734274,45734402
SLC14A1,9,NC_000018.10,NM_015865.7,+,NM_015865.7-6,SLC14A1_exon 6,chr18,45736456,45736648
SLC14A1,9,NC_000018.10,NM_015865.7,+,NM_015865.7-7,SLC14A1_exon 7,chr18,45739163,45739310
SLC14A1,9,NC_000018.10,NM_015865.7,+,NM_015865.7-8,SLC14A1_exon 8,chr18,45739528,45739662
SLC14A1,9,NC_000018.10,NM_015865.7,+,NM_015865.7-9,SLC14A1_exon 9,chr18,45748376,45748425
SLC4A1,10,NC_000017.11,NM_000342.4,-,NM_000342.4-1,SLC4A1_exon1,chr17,44268054,44268135
SLC4A1,10,NC_000017.11,NM_000342.4,-,NM_000342.4-2,SLC4A1_exon2,chr17,44262852,44262934
SLC4A1,10,NC_000017.11,NM_000342.4,-,NM_000342.4-3,SLC4A1_exon3,chr17,44262636,44262726
SLC4A1,10,NC_000017.11,NM_000342.4,-,NM_000342.4-4,SLC4A1_exon4,chr17,44261575,44261636
SLC4A1,10,NC_000017.11,NM_000342.4,-,NM_000342.4-5,SLC4A1_exon5,chr17,44260635,44260815
SLC4A1,10,NC_000017.11,NM_000342.4,-,NM_000342.4-6,SLC4A1_exon6,chr17,44260404,44260539
SLC4A1,10,NC_000017.11,NM_000342.4,-,NM_000342.4-7,SLC4A1_exon7,chr17,44259809,44259932
SLC4A1,10,NC_000017.11,NM_000342.4,-,NM_000342.4-8,SLC4A1_exon8,chr17,44259497,44259581
SLC4A1,10,NC_000017.11,NM_000342.4,-,NM_000342.4-9,SLC4A1_exon9,chr17,44259163,44259344
SLC4A1,10,NC_000017.11,NM_000342.4,-,NM_000342.4-10,SLC4A1_exon10,chr17,44258413,44258623
SLC4A1,10,NC_000017.11,NM_000342.4,-,NM_000342.4-11,SLC4A1_exon11,chr17,44257986,44258180
SLC4A1,10,NC_000017.11,NM_000342.4,-,NM_000342.4-12,SLC4A1_exon12,chr17,44257659,44257807
SLC4A1,10,NC_000017.11,NM_000342.4,-,NM_000342.4-13,SLC4A1_exon13,chr17,44257350,44257544
SLC4A1,10,NC_000017.11,NM_000342.4,-,NM_000342.4-14,SLC4A1_exon14,chr17,44255673,44255846
SLC4A1,10,NC_000017.11,NM_000342.4,-,NM_000342.4-15,SLC4A1_exon15,chr17,44255207,44255296
SLC4A1,10,NC_000017.11,NM_000342.4,-,NM_000342.4-16,SLC4A1_exon16,chr17,44254496,44254662
SLC4A1,10,NC_000017.11,NM_000342.4,-,NM_000342.4-17,SLC4A1_exon17,chr17,44253118,44253371
SLC4A1,10,NC_000017.11,NM_000342.4,-,NM_000342.4-18,SLC4A1_exon18,chr17,44251419,44251588
SLC4A1,10,NC_000017.11,NM_000342.4,-,NM_000342.4-19,SLC4A1_exon19,chr17,44251159,44251332
SLC4A1,10,NC_000017.11,NM_000342.4,-,NM_000342.4-20,SLC4A1_exon20,chr17,44248390,44250538
ACHE,11,NC_000007.14,NM_001302621.3,-,NM_001302621.3-1,ACHE_exon1,chr7,100895802,100895888
ACHE,11,NC_000007.14,NM_001302621.3,-,NM_001302621.3-2,ACHE_exon2,chr7,100893165,100894255
ACHE,11,NC_000007.14,NM_001302621.3,-,NM_001302621.3-3,ACHE_exon3,chr7,100892334,100892818
ACHE,11,NC_000007.14,NM_001302621.3,-,NM_001302621.3-4,ACHE_exon4,chr7,100891169,100891338
ACHE,11,NC_000007.14,NM_001302621.3,-,NM_001302621.3-5,ACHE_exon5,chr7,100889994,100891088
CD99,12,NC_000023.11,NM_002414.5,+,NM_002414.5-1,CD99_exon1,chrX,2691295,2691427
CD99,12,NC_000023.11,NM_002414.5,+,NM_002414.5-2,CD99_exon2,chrX,2714422,2714454
CD99,12,NC_000023.11,NM_002414.5,+,NM_002414.5-3,CD99_exon3,chrX,2717605,2717652
CD99,12,NC_000023.11,NM_002414.5,+,NM_002414.5-4,CD99_exon4,chrX,2719661,2719705
CD99,12,NC_000023.11,NM_002414.5,+,NM_002414.5-5,CD99_exon5,chrX,2720356,2720424
CD99,12,NC_000023.11,NM_002414.5,+,NM_002414.5-6,CD99_exon6,chrX,2722627,2722674
CD99,12,NC_000023.11,NM_002414.5,+,NM_002414.5-7,CD99_exon7,chrX,2723314,2723364
CD99,12,NC_000023.11,NM_002414.5,+,NM_002414.5-8,CD99_exon8,chrX,2726260,2726373
CD99,12,NC_000023.11,NM_002414.5,+,NM_002414.5-9,CD99_exon9,chrX,2738200,2738256
CD99,12,NC_000023.11,NM_002414.5,+,NM_002414.5-10,CD99_exon10,chrX,2740779,2741309
XG,12,NC_000023.11,NM_175569.3,+,NM_175569.3-1,XG_exon1,chrX,2752040,2752335
XG,12,NC_000023.11,NM_175569.3,+,NM_175569.3-2,XG_exon2,chrX,2770550,2770591
XG,12,NC_000023.11,NM_175569.3,+,NM_175569.3-3,XG_exon3,chrX,2774716,2774739
XG,12,NC_000023.11,NM_175569.3,+,NM_175569.3-4,XG_exon4,chrX,2782066,2782128
XG,12,NC_000023.11,NM_175569.3,+,NM_175569.3-5,XG_exon5,chrX,2789644,2789706
XG,12,NC_000023.11,NM_175569.3,+,NM_175569.3-6,XG_exon6,chrX,2794535,2794603
XG,12,NC_000023.11,NM_175569.3,+,NM_175569.3-7,XG_exon7,chrX,2797310,2797360
XG,12,NC_000023.11,NM_175569.3,+,NM_175569.3-8,XG_exon8,chrX,2808185,2808220
XG,12,NC_000023.11,NM_175569.3,+,NM_175569.3-9,XG_exon9,chrX,2811336,2811452
XG,12,NC_000023.11,NM_175569.3,+,NM_175569.3-10,XG_exon10,chrX,2814364,2816500
ERMAP,13,NC_000001.11,NM_001017922.2,+,NM_001017922.2-1,ERMAP_exon1,chr1,42817122,42817253
ERMAP,13,NC_000001.11,NM_001017922.2,+,NM_001017922.2-2,ERMAP_exon2,chr1,42825623,42825738
ERMAP,13,NC_000001.11,NM_001017922.2,+,NM_001017922.2-3,ERMAP_exon3,chr1,42830444,42830533
ERMAP,13,NC_000001.11,NM_001017922.2,+,NM_001017922.2-4,ERMAP_exon4,chr1,42830768,42831115
ERMAP,13,NC_000001.11,NM_001017922.2,+,NM_001017922.2-5,ERMAP_exon5,chr1,42835038,42835154
ERMAP,13,NC_000001.11,NM_001017922.2,+,NM_001017922.2-6,ERMAP_exon6,chr1,42835732,42835764
ERMAP,13,NC_000001.11,NM_001017922.2,+,NM_001017922.2-7,ERMAP_exon7,chr1,42837158,42837190
ERMAP,13,NC_000001.11,NM_001017922.2,+,NM_001017922.2-8,ERMAP_exon8,chr1,42838901,42838921
ERMAP,13,NC_000001.11,NM_001017922.2,+,NM_001017922.2-9,ERMAP_exon9,chr1,42840033,42840053
ERMAP,13,NC_000001.11,NM_001017922.2,+,NM_001017922.2-10,ERMAP_exon10,chr1,42840152,42840178
ERMAP,13,NC_000001.11,NM_001017922.2,+,NM_001017922.2-11,ERMAP_exon11,chr1,42840270,42840296
ERMAP,13,NC_000001.11,NM_001017922.2,+,NM_001017922.2-12,ERMAP_exon12,chr1,42842517,42844991
ART4,14,NC_000012.12,NM_021071.4,-,NM_021071.4-1,ART4_exon1,chr12,14842970,14843526
ART4,14,NC_000012.12,NM_021071.4,-,NM_021071.4-2,ART4_exon2,chr12,14840445,14841153
ART4,14,NC_000012.12,NM_021071.4,-,NM_021071.4-3,ART4_exon3,chr12,14825569,14829462
AQP1,15,NC_000007.14,NM_198098.4,+,NM_198098.4-1,AQP1_exon1,chr7,30911853,30912293
AQP1,15,NC_000007.14,NM_198098.4,+,NM_198098.4-2,AQP1_exon2,chr7,30922066,30922230
AQP1,15,NC_000007.14,NM_198098.4,+,NM_198098.4-3,AQP1_exon3,chr7,30922564,30922644
AQP1,15,NC_000007.14,NM_198098.4,+,NM_198098.4-4,AQP1_exon4,chr7,30923450,30925516
ICAM4,16,NC_000019.10,NM_001544.5,+,NM_001544.5-1,ICAM4_exon1,chr19,10286955,10287406
ICAM4,16,NC_000019.10,NM_001544.5,+,NM_001544.5-2,ICAM4_exon2,chr19,10287536,10287838
ICAM4,16,NC_000019.10,NM_001544.5,+,NM_001544.5-3,ICAM4_exon3,chr19,10287986,10288520
C4A,17,NC_000006.12,NM_007293.3,+,NM_007293.3-1,C4A_exon1,chr6,31982057,31982172
C4A,17,NC_000006.12,NM_007293.3,+,NM_007293.3-2,C4A_exon2,chr6,31982305,31982503
C4A,17,NC_000006.12,NM_007293.3,+,NM_007293.3-3,C4A_exon3,chr6,31982718,31982919
C4A,17,NC_000006.12,NM_007293.3,+,NM_007293.3-4,C4A_exon4,chr6,31983129,31983199
C4A,17,NC_000006.12,NM_007293.3,+,NM_007293.3-5,C4A_exon5,chr6,31983278,31983366
C4A,17,NC_000006.12,NM_007293.3,+,NM_007293.3-6,C4A_exon6,chr6,31983585,31983667
C4A,17,NC_000006.12,NM_007293.3,+,NM_007293.3-7,C4A_exon7,chr6,31983838,31983934
C4A,17,NC_000006.12,NM_007293.3,+,NM_007293.3-8,C4A_exon8,chr6,31984073,31984178
C4A,17,NC_000006.12,NM_007293.3,+,NM_007293.3-9,C4A_exon9,chr6,31984276,31984408
C4A,17,NC_000006.12,NM_007293.3,+,NM_007293.3-10,C4A_exon10,chr6,31991192,31991307
C4A,17,NC_000006.12,NM_007293.3,+,NM_007293.3-11,C4A_exon11,chr6,31991407,31991586
C4A,17,NC_000006.12,NM_007293.3,+,NM_007293.3-12,C4A_exon12,chr6,31991732,31991914
C4A,17,NC_000006.12,NM_007293.3,+,NM_007293.3-13,C4A_exon13,chr6,31992047,31992232
C4A,17,NC_000006.12,NM_007293.3,+,NM_007293.3-14,C4A_exon14,chr6,31992386,31992544
C4A,17,NC_000006.12,NM_007293.3,+,NM_007293.3-15,C4A_exon15,chr6,31992796,31992922
C4A,17,NC_000006.12,NM_007293.3,+,NM_007293.3-16,C4A_exon16,chr6,31993090,31993164
C4A,17,NC_000006.12,NM_007293.3,+,NM_007293.3-17,C4A_exon17,chr6,31993425,31993622
C4A,17,NC_000006.12,NM_007293.3,+,NM_007293.3-18,C4A_exon18,chr6,31993714,31993825
C4A,17,NC_000006.12,NM_007293.3,+,NM_007293.3-19,C4A_exon19,chr6,31993916,31993986
C4A,17,NC_000006.12,NM_007293.3,+,NM_007293.3-20,C4A_exon20,chr6,31994245,31994384
C4A,17,NC_000006.12,NM_007293.3,+,NM_007293.3-21,C4A_exon21,chr6,31994498,31994707
C4A,17,NC_000006.12,NM_007293.3,+,NM_007293.3-22,C4A_exon22,chr6,31994952,31995003
C4A,17,NC_000006.12,NM_007293.3,+,NM_007293.3-23,C4A_exon23,chr6,31995105,31995194
C4A,17,NC_000006.12,NM_007293.3,+,NM_007293.3-24,C4A_exon24,chr6,31995330,31995539
C4A,17,NC_000006.12,NM_007293.3,+,NM_007293.3-25,C4A_exon25,chr6,31995719,31995794
C4A,17,NC_000006.12,NM_007293.3,+,NM_007293.3-26,C4A_exon26,chr6,31995955,31996111
C4A,17,NC_000006.12,NM_007293.3,+,NM_007293.3-27,C4A_exon27,chr6,31996207,31996323
C4A,17,NC_000006.12,NM_007293.3,+,NM_007293.3-28,C4A_exon28,chr6,31996429,31996600
C4A,17,NC_000006.12,NM_007293.3,+,NM_007293.3-29,C4A_exon29,chr6,31996829,31997061
C4A,17,NC_000006.12,NM_007293.3,+,NM_007293.3-30,C4A_exon30,chr6,31997144,31997311
C4A,17,NC_000006.12,NM_007293.3,+,NM_007293.3-31,C4A_exon31,chr6,31997705,31997764
C4A,17,NC_000006.12,NM_007293.3,+,NM_007293.3-32,C4A_exon32,chr6,31998814,31998907
C4A,17,NC_000006.12,NM_007293.3,+,NM_007293.3-33,C4A_exon33,chr6,31999005,31999191
C4A,17,NC_000006.12,NM_007293.3,+,NM_007293.3-34,C4A_exon34,chr6,31999306,31999396
C4A,17,NC_000006.12,NM_007293.3,+,NM_007293.3-35,C4A_exon35,chr6,31999487,31999561
C4A,17,NC_000006.12,NM_007293.3,+,NM_007293.3-36,C4A_exon36,chr6,32001053,32001155
C4A,17,NC_000006.12,NM_007293.3,+,NM_007293.3-37,C4A_exon37,chr6,32001321,32001410
C4A,17,NC_000006.12,NM_007293.3,+,NM_007293.3-38,C4A_exon38,chr6,32001496,32001594
C4A,17,NC_000006.12,NM_007293.3,+,NM_007293.3-39,C4A_exon39,chr6,32001777,32001860
C4A,17,NC_000006.12,NM_007293.3,+,NM_007293.3-40,C4A_exon40,chr6,32002123,32002255
C4A,17,NC_000006.12,NM_007293.3,+,NM_007293.3-41,C4A_exon41,chr6,32002399,32002681
C4B,17,NC_000006.12,NM_001002029.4,+,NM_001002029.4-1,C4B_exon1,chr6,32014795,32014910
C4B,17,NC_000006.12,NM_001002029.4,+,NM_001002029.4-2,C4B_exon2,chr6,32015043,32015241
C4B,17,NC_000006.12,NM_001002029.4,+,NM_001002029.4-3,C4B_exon3,chr6,32015456,32015657
C4B,17,NC_000006.12,NM_001002029.4,+,NM_001002029.4-4,C4B_exon4,chr6,32015867,32015937
C4B,17,NC_000006.12,NM_001002029.4,+,NM_001002029.4-5,C4B_exon5,chr6,32016016,32016104
C4B,17,NC_000006.12,NM_001002029.4,+,NM_001002029.4-6,C4B_exon6,chr6,32016323,32016405
C4B,17,NC_000006.12,NM_001002029.4,+,NM_001002029.4-7,C4B_exon7,chr6,32016576,32016672
C4B,17,NC_000006.12,NM_001002029.4,+,NM_001002029.4-8,C4B_exon8,chr6,32016811,32016916
C4B,17,NC_000006.12,NM_001002029.4,+,NM_001002029.4-9,C4B_exon9,chr6,32017014,32017146
C4B,17,NC_000006.12,NM_001002029.4,+,NM_001002029.4-10,C4B_exon10,chr6,32023930,32024045
C4B,17,NC_000006.12,NM_001002029.4,+,NM_001002029.4-11,C4B_exon11,chr6,32024145,32024324
C4B,17,NC_000006.12,NM_001002029.4,+,NM_001002029.4-12,C4B_exon12,chr6,32024470,32024652
C4B,17,NC_000006.12,NM_001002029.4,+,NM_001002029.4-13,C4B_exon13,chr6,32024785,32024970
C4B,17,NC_000006.12,NM_001002029.4,+,NM_001002029.4-14,C4B_exon14,chr6,32025124,32025282
C4B,17,NC_000006.12,NM_001002029.4,+,NM_001002029.4-15,C4B_exon15,chr6,32025534,32025660
C4B,17,NC_000006.12,NM_001002029.4,+,NM_001002029.4-16,C4B_exon16,chr6,32025828,32025902
C4B,17,NC_000006.12,NM_001002029.4,+,NM_001002029.4-17,C4B_exon17,chr6,32026163,32026360
C4B,17,NC_000006.12,NM_001002029.4,+,NM_001002029.4-18,C4B_exon18,chr6,32026452,32026563
C4B,17,NC_000006.12,NM_001002029.4,+,NM_001002029.4-19,C4B_exon19,chr6,32026654,32026724
C4B,17,NC_000006.12,NM_001002029.4,+,NM_001002029.4-20,C4B_exon20,chr6,32026983,32027122
C4B,17,NC_000006.12,NM_001002029.4,+,NM_001002029.4-21,C4B_exon21,chr6,32027236,32027445
C4B,17,NC_000006.12,NM_001002029.4,+,NM_001002029.4-22,C4B_exon22,chr6,32027690,32027741
C4B,17,NC_000006.12,NM_001002029.4,+,NM_001002029.4-23,C4B_exon23,chr6,32027843,32027932
C4B,17,NC_000006.12,NM_001002029.4,+,NM_001002029.4-24,C4B_exon24,chr6,32028068,32028277
C4B,17,NC_000006.12,NM_001002029.4,+,NM_001002029.4-25,C4B_exon25,chr6,32028457,32028532
C4B,17,NC_000006.12,NM_001002029.4,+,NM_001002029.4-26,C4B_exon26,chr6,32028693,32028849
C4B,17,NC_000006.12,NM_001002029.4,+,NM_001002029.4-27,C4B_exon27,chr6,32028945,32029061
C4B,17,NC_000006.12,NM_001002029.4,+,NM_001002029.4-28,C4B_exon28,chr6,32029167,32029338
C4B,17,NC_000006.12,NM_001002029.4,+,NM_001002029.4-29,C4B_exon29,chr6,32029566,32029798
C4B,17,NC_000006.12,NM_001002029.4,+,NM_001002029.4-30,C4B_exon30,chr6,32029881,32030048
C4B,17,NC_000006.12,NM_001002029.4,+,NM_001002029.4-31,C4B_exon31,chr6,32030442,32030501
C4B,17,NC_000006.12,NM_001002029.4,+,NM_001002029.4-32,C4B_exon32,chr6,32031551,32031644
C4B,17,NC_000006.12,NM_001002029.4,+,NM_001002029.4-33,C4B_exon33,chr6,32031742,32031928
C4B,17,NC_000006.12,NM_001002029.4,+,NM_001002029.4-34,C4B_exon34,chr6,32032043,32032133
C4B,17,NC_000006.12,NM_001002029.4,+,NM_001002029.4-35,C4B_exon35,chr6,32032224,32032298
C4B,17,NC_000006.12,NM_001002029.4,+,NM_001002029.4-36,C4B_exon36,chr6,32033790,32033892
C4B,17,NC_000006.12,NM_001002029.4,+,NM_001002029.4-37,C4B_exon37,chr6,32034058,32034147
C4B,17,NC_000006.12,NM_001002029.4,+,NM_001002029.4-38,C4B_exon38,chr6,32034233,32034331
C4B,17,NC_000006.12,NM_001002029.4,+,NM_001002029.4-39,C4B_exon39,chr6,32034514,32034597
C4B,17,NC_000006.12,NM_001002029.4,+,NM_001002029.4-40,C4B_exon40,chr6,32034860,32034992
C4B,17,NC_000006.12,NM_001002029.4,+,NM_001002029.4-41,C4B_exon41,chr6,32035136,32035418
FUT1,18,NC_000019.10,NM_000148.4,-,NM_000148.4-1,FUT1_exon1,chr19,48755290,48755358
FUT1,18,NC_000019.10,NM_000148.4,-,NM_000148.4-2,FUT1_exon2,chr19,48753325,48753563
FUT1,18,NC_000019.10,NM_000148.4,-,NM_000148.4-3,FUT1_exon3,chr19,48752490,48753122
FUT1,18,NC_000019.10,NM_000148.4,-,NM_000148.4-4,FUT1_exon4,chr19,48748011,48751283
FUT2,18,NC_000019.10,NM_000511.6,+,NM_000511.6-1,FUT2_exon1,chr19,48695971,48696089
FUT2,18,NC_000019.10,NM_000511.6,+,NM_000511.6-2,FUT2_exon2,chr19,48702955,48705951
XK,19,NC_000023.11,NM_021083.4,+,NM_021083.4-1,XK_exon1,chrX,37685791,37686206
XK,19,NC_000023.11,NM_021083.4,+,NM_021083.4-2,XK_exon2,chrX,37694286,37694548
XK,19,NC_000023.11,NM_021083.4,+,NM_021083.4-3,XK_exon3,chrX,37727636,37732130
GYPC,20,NC_000002.12,NM_002101.5,+,NM_002101.5-1,GYPC_exon1,chr2,126656158,126656312
GYPC,20,NC_000002.12,NM_002101.5,+,NM_002101.5-2,GYPC_exon2,chr2,126690255,126690311
GYPC,20,NC_000002.12,NM_002101.5,+,NM_002101.5-3,GYPC_exon3,chr2,126693864,126693947
GYPC,20,NC_000002.12,NM_002101.5,+,NM_002101.5-4,GYPC_exon4,chr2,126695946,126696667
CD55,21,NC_000001.11,NM_000574.5,+,NM_000574.5-1,CD55_exon1,chr1,207321678,207321865
CD55,21,NC_000001.11,NM_000574.5,+,NM_000574.5-2,CD55_exon2,chr1,207322382,207322567
CD55,21,NC_000001.11,NM_000574.5,+,NM_000574.5-3,CD55_exon3,chr1,207324559,207324750
CD55,21,NC_000001.11,NM_000574.5,+,NM_000574.5-4,CD55_exon4,chr1,207325622,207325721
CD55,21,NC_000001.11,NM_000574.5,+,NM_000574.5-5,CD55_exon5,chr1,207326752,207326837
CD55,21,NC_000001.11,NM_000574.5,+,NM_000574.5-6,CD55_exon6,chr1,207331108,207331296
CD55,21,NC_000001.11,NM_000574.5,+,NM_000574.5-7,CD55_exon7,chr1,207336693,207336818
CD55,21,NC_000001.11,NM_000574.5,+,NM_000574.5-8,CD55_exon8,chr1,207337329,207337409
CD55,21,NC_000001.11,NM_000574.5,+,NM_000574.5-9,CD55_exon9,chr1,207339397,207339417
CD55,21,NC_000001.11,NM_000574.5,+,NM_000574.5-10,CD55_exon10,chr1,207359546,207360966
CR1,22,NC_000001.11,NM_000651.6,+,NM_000651.6-1,CR1_exon1,chr1,207496157,207496388
CR1,22,NC_000001.11,NM_000651.6,+,NM_000651.6-2,CR1_exon2,chr1,207505904,207506083
CR1,22,NC_000001.11,NM_000651.6,+,NM_000651.6-3,CR1_exon3,chr1,207506714,207506813
CR1,22,NC_000001.11,NM_000651.6,+,NM_000651.6-4,CR1_exon4,chr1,207511569,207511654
CR1,22,NC_000001.11,NM_000651.6,+,NM_000651.6-5,CR1_exon5,chr1,207523611,207524009
CR1,22,NC_000001.11,NM_000651.6,+,NM_000651.6-6,CR1_exon6,chr1,207526753,207526929
CR1,22,NC_000001.11,NM_000651.6,+,NM_000651.6-7,CR1_exon7,chr1,207527021,207527123
CR1,22,NC_000001.11,NM_000651.6,+,NM_000651.6-8,CR1_exon8,chr1,207528716,207528801
CR1,22,NC_000001.11,NM_000651.6,+,NM_000651.6-9,CR1_exon9,chr1,207532180,207532398
CR1,22,NC_000001.11,NM_000651.6,+,NM_000651.6-10,CR1_exon10,chr1,207533409,207533588
CR1,22,NC_000001.11,NM_000651.6,+,NM_000651.6-11,CR1_exon11,chr1,207534197,207534296
CR1,22,NC_000001.11,NM_000651.6,+,NM_000651.6-12,CR1_exon12,chr1,207539981,207540066
CR1,22,NC_000001.11,NM_000651.6,+,NM_000651.6-13,CR1_exon13,chr1,207542182,207542580
CR1,22,NC_000001.11,NM_000651.6,+,NM_000651.6-14,CR1_exon14,chr1,207545308,207545484
CR1,22,NC_000001.11,NM_000651.6,+,NM_000651.6-15,CR1_exon15,chr1,207545576,207545678
CR1,22,NC_000001.11,NM_000651.6,+,NM_000651.6-16,CR1_exon16,chr1,207547271,207547356
CR1,22,NC_000001.11,NM_000651.6,+,NM_000651.6-17,CR1_exon17,chr1,207550735,207550953
CR1,22,NC_000001.11,NM_000651.6,+,NM_000651.6-18,CR1_exon18,chr1,207551964,207552143
CR1,22,NC_000001.11,NM_000651.6,+,NM_000651.6-19,CR1_exon19,chr1,207552752,207552851
CR1,22,NC_000001.11,NM_000651.6,+,NM_000651.6-20,CR1_exon20,chr1,207558538,207558623
CR1,22,NC_000001.11,NM_000651.6,+,NM_000651.6-21,CR1_exon21,chr1,207560739,207561137
CR1,22,NC_000001.11,NM_000651.6,+,NM_000651.6-22,CR1_exon22,chr1,207563864,207564040
CR1,22,NC_000001.11,NM_000651.6,+,NM_000651.6-23,CR1_exon23,chr1,207564132,207564234
CR1,22,NC_000001.11,NM_000651.6,+,NM_000651.6-24,CR1_exon24,chr1,207565838,207565923
CR1,22,NC_000001.11,NM_000651.6,+,NM_000651.6-25,CR1_exon25,chr1,207567824,207568042
CR1,22,NC_000001.11,NM_000651.6,+,NM_000651.6-26,CR1_exon26,chr1,207569059,207569238
CR1,22,NC_000001.11,NM_000651.6,+,NM_000651.6-27,CR1_exon27,chr1,207569847,207569946
CR1,22,NC_000001.11,NM_000651.6,+,NM_000651.6-28,CR1_exon28,chr1,207575595,207575680
CR1,22,NC_000001.11,NM_000651.6,+,NM_000651.6-29,CR1_exon29,chr1,207577805,207578203
CR1,22,NC_000001.11,NM_000651.6,+,NM_000651.6-30,CR1_exon30,chr1,207580240,207580416
CR1,22,NC_000001.11,NM_000651.6,+,NM_000651.6-31,CR1_exon31,chr1,207580511,207580613
CR1,22,NC_000001.11,NM_000651.6,+,NM_000651.6-32,CR1_exon32,chr1,207581918,207582003
CR1,22,NC_000001.11,NM_000651.6,+,NM_000651.6-33,CR1_exon33,chr1,207584649,207584876
CR1,22,NC_000001.11,NM_000651.6,+,NM_000651.6-34,CR1_exon34,chr1,207587386,207587565
CR1,22,NC_000001.11,NM_000651.6,+,NM_000651.6-35,CR1_exon35,chr1,207588675,207588774
CR1,22,NC_000001.11,NM_000651.6,+,NM_000651.6-36,CR1_exon36,chr1,207607251,207607336
CR1,22,NC_000001.11,NM_000651.6,+,NM_000651.6-37,CR1_exon37,chr1,207609290,207609688
CR1,22,NC_000001.11,NM_000651.6,+,NM_000651.6-38,CR1_exon38,chr1,207611677,207611853
CR1,22,NC_000001.11,NM_000651.6,+,NM_000651.6-39,CR1_exon39,chr1,207611939,207612041
CR1,22,NC_000001.11,NM_000651.6,+,NM_000651.6-40,CR1_exon40,chr1,207614404,207614489
CR1,22,NC_000001.11,NM_000651.6,+,NM_000651.6-41,CR1_exon41,chr1,207616575,207616802
CR1,22,NC_000001.11,NM_000651.6,+,NM_000651.6-42,CR1_exon42,chr1,207618071,207618247
CR1,22,NC_000001.11,NM_000651.6,+,NM_000651.6-43,CR1_exon43,chr1,207619880,207620065
CR1,22,NC_000001.11,NM_000651.6,+,NM_000651.6-44,CR1_exon44,chr1,207621973,207621996
CR1,22,NC_000001.11,NM_000651.6,+,NM_000651.6-45,CR1_exon45,chr1,207622993,207623068
CR1,22,NC_000001.11,NM_000651.6,+,NM_000651.6-46,CR1_exon46,chr1,207630517,207630621
CR1,22,NC_000001.11,NM_000651.6,+,NM_000651.6-47,CR1_exon47,chr1,207639397,207641765
CD44,23,NC_000011.10,NM_000610.4,+,NM_000610.4-1,CD44_exon1,chr11,35139171,35139370
CD44,23,NC_000011.10,NM_000610.4,+,NM_000610.4-2,CD44_exon2,chr11,35176575,35176740
CD44,23,NC_000011.10,NM_000610.4,+,NM_000610.4-3,CD44_exon3,chr11,35180274,35180407
CD44,23,NC_000011.10,NM_000610.4,+,NM_000610.4-4,CD44_exon4,chr11,35186832,35186900
CD44,23,NC_000011.10,NM_000610.4,+,NM_000610.4-5,CD44_exon5,chr11,35189835,35190065
CD44,23,NC_000011.10,NM_000610.4,+,NM_000610.4-6,CD44_exon6,chr11,35196746,35196874
CD44,23,NC_000011.10,NM_000610.4,+,NM_000610.4-7,CD44_exon7,chr11,35198121,35198246
CD44,23,NC_000011.10,NM_000610.4,+,NM_000610.4-8,CD44_exon8,chr11,35201082,35201195
CD44,23,NC_000011.10,NM_000610.4,+,NM_000610.4-9,CD44_exon9,chr11,35201671,35201787
CD44,23,NC_000011.10,NM_000610.4,+,NM_000610.4-10,CD44_exon10,chr11,35204512,35204640
CD44,23,NC_000011.10,NM_000610.4,+,NM_000610.4-11,CD44_exon11,chr11,35206112,35206243
CD44,23,NC_000011.10,NM_000610.4,+,NM_000610.4-12,CD44_exon12,chr11,35208105,35208206
CD44,23,NC_000011.10,NM_000610.4,+,NM_000610.4-13,CD44_exon13,chr11,35209965,35210054
CD44,23,NC_000011.10,NM_000610.4,+,NM_000610.4-14,CD44_exon14,chr11,35211246,35211449
CD44,23,NC_000011.10,NM_000610.4,+,NM_000610.4-15,CD44_exon15,chr11,35214852,35214914
CD44,23,NC_000011.10,NM_000610.4,+,NM_000610.4-16,CD44_exon16,chr11,35219316,35219387
CD44,23,NC_000011.10,NM_000610.4,+,NM_000610.4-17,CD44_exon17,chr11,35221654,35221732
CD44,23,NC_000011.10,NM_000610.4,+,NM_000610.4-18,CD44_exon18,chr11,35229129,35232402
BSG,24,NC_000019.10,NM_001728.4,+,NM_001728.4-1,BSG_exon1,chr19,572596,572701
BSG,24,NC_000019.10,NM_001728.4,+,NM_001728.4-2,BSG_exon2,chr19,577774,578121
BSG,24,NC_000019.10,NM_001728.4,+,NM_001728.4-3,BSG_exon3,chr19,579500,579656
BSG,24,NC_000019.10,NM_001728.4,+,NM_001728.4-4,BSG_exon4,chr19,580379,580461
BSG,24,NC_000019.10,NM_001728.4,+,NM_001728.4-5,BSG_exon5,chr19,580646,580782
BSG,24,NC_000019.10,NM_001728.4,+,NM_001728.4-6,BSG_exon6,chr19,581315,581591
BSG,24,NC_000019.10,NM_001728.4,+,NM_001728.4-7,BSG_exon7,chr19,582306,582330
BSG,24,NC_000019.10,NM_001728.4,+,NM_001728.4-8,BSG_exon8,chr19,582514,582582
BSG,24,NC_000019.10,NM_001728.4,+,NM_001728.4-9,BSG_exon9,chr19,582750,583493
CD151,25,NC_000011.10,NM_004357.5,+,NM_004357.5-1,CD151_exon1,chr11,832952,833026
CD151,25,NC_000011.10,NM_004357.5,+,NM_004357.5-2,CD151_exon2,chr11,834530,834591
CD151,25,NC_000011.10,NM_004357.5,+,NM_004357.5-3,CD151_exon3,chr11,836063,836153
CD151,25,NC_000011.10,NM_004357.5,+,NM_004357.5-4,CD151_exon4,chr11,836251,836442
CD151,25,NC_000011.10,NM_004357.5,+,NM_004357.5-5,CD151_exon5,chr11,836769,836843
CD151,25,NC_000011.10,NM_004357.5,+,NM_004357.5-6,CD151_exon6,chr11,837250,837354
CD151,25,NC_000011.10,NM_004357.5,+,NM_004357.5-7,CD151_exon7,chr11,837460,837618
CD151,25,NC_000011.10,NM_004357.5,+,NM_004357.5-8,CD151_exon8,chr11,837942,838028
CD151,25,NC_000011.10,NM_004357.5,+,NM_004357.5-9,CD151_exon9,chr11,838133,838831
SEMA7A,26,NC_000015.10,NM_003612.5,-,NM_003612.5-1,SEMA7A_exon1,chr15,74433741,74433958
SEMA7A,26,NC_000015.10,NM_003612.5,-,NM_003612.5-2,SEMA7A_exon2,chr15,74418801,74418952
SEMA7A,26,NC_000015.10,NM_003612.5,-,NM_003612.5-3,SEMA7A_exon3,chr15,74418268,74418309
SEMA7A,26,NC_000015.10,NM_003612.5,-,NM_003612.5-4,SEMA7A_exon4,chr15,74417877,74417969
SEMA7A,26,NC_000015.10,NM_003612.5,-,NM_003612.5-5,SEMA7A_exon5,chr15,74417591,74417675
SEMA7A,26,NC_000015.10,NM_003612.5,-,NM_003612.5-6,SEMA7A_exon6,chr15,74417335,74417445
SEMA7A,26,NC_000015.10,NM_003612.5,-,NM_003612.5-7,SEMA7A_exon7,chr15,74416575,74416714
SEMA7A,26,NC_000015.10,NM_003612.5,-,NM_003612.5-8,SEMA7A_exon8,chr15,74415801,74415985
SEMA7A,26,NC_000015.10,NM_003612.5,-,NM_003612.5-9,SEMA7A_exon9,chr15,74414838,74414946
SEMA7A,26,NC_000015.10,NM_003612.5,-,NM_003612.5-10,SEMA7A_exon10,chr15,74414547,74414745
SEMA7A,26,NC_000015.10,NM_003612.5,-,NM_003612.5-11,SEMA7A_exon11,chr15,74411885,74412012
SEMA7A,26,NC_000015.10,NM_003612.5,-,NM_003612.5-12,SEMA7A_exon12,chr15,74411556,74411710
SEMA7A,26,NC_000015.10,NM_003612.5,-,NM_003612.5-13,SEMA7A_exon13,chr15,74411295,74411356
SEMA7A,26,NC_000015.10,NM_003612.5,-,NM_003612.5-14,SEMA7A_exon14,chr15,74409289,74410985
GCNT2,27,NC_000006.12,NM_145655.4,+,NM_145655.4-1,GCNT2_exon1,chr6,10585760,10586914
GCNT2,27,NC_000006.12,NM_145655.4,+,NM_145655.4-2,GCNT2_exon2,chr6,10621351,10621443
GCNT2,27,NC_000006.12,NM_145655.4,+,NM_145655.4-3,GCNT2_exon3,chr6,10626417,10629368
B3GALNT1,28,NC_000003.12,NM_033169.3,-,NM_033169.3-1,B3GALNT1_exon1,chr3,161104785,161105078
B3GALNT1,28,NC_000003.12,NM_033169.3,-,NM_033169.3-2,B3GALNT1_exon2,chr3,161104319,161104406
B3GALNT1,28,NC_000003.12,NM_033169.3,-,NM_033169.3-3,B3GALNT1_exon3,chr3,161103427,161103517
B3GALNT1,28,NC_000003.12,NM_033169.3,-,NM_033169.3-4,B3GALNT1_exon4,chr3,161101139,161101233
B3GALNT1,28,NC_000003.12,NM_033169.3,-,NM_033169.3-5,B3GALNT1_exon5,chr3,161083883,161086788
AQP3,29,NC_000009.12,NM_004925.5,-,NM_004925.5-1,AQP3_exon1,chr9,33447423,33447593
AQP3,29,NC_000009.12,NM_004925.5,-,NM_004925.5-2,AQP3_exon2,chr9,33443766,33443892
AQP3,29,NC_000009.12,NM_004925.5,-,NM_004925.5-3,AQP3_exon3,chr9,33443321,33443458
AQP3,29,NC_000009.12,NM_004925.5,-,NM_004925.5-4,AQP3_exon4,chr9,33442852,33442970
AQP3,29,NC_000009.12,NM_004925.5,-,NM_004925.5-5,AQP3_exon5,chr9,33442301,33442518
AQP3,29,NC_000009.12,NM_004925.5,-,NM_004925.5-6,AQP3_exon6,chr9,33441160,33442211
RHAG,30,NC_000006.12,NM_000324.3,-,NM_000324.3-1,RHAG_exon1,chr6,49636656,49636839
RHAG,30,NC_000006.12,NM_000324.3,-,NM_000324.3-2,RHAG_exon2,chr6,49619179,49619362
RHAG,30,NC_000006.12,NM_000324.3,-,NM_000324.3-3,RHAG_exon3,chr6,49618068,49618218
RHAG,30,NC_000006.12,NM_000324.3,-,NM_000324.3-4,RHAG_exon4,chr6,49615624,49615771
RHAG,30,NC_000006.12,NM_000324.3,-,NM_000324.3-5,RHAG_exon5,chr6,49614687,49614853
RHAG,30,NC_000006.12,NM_000324.3,-,NM_000324.3-6,RHAG_exon6,chr6,49612397,49612534
RHAG,30,NC_000006.12,NM_000324.3,-,NM_000324.3-7,RHAG_exon7,chr6,49611024,49611145
RHAG,30,NC_000006.12,NM_000324.3,-,NM_000324.3-8,RHAG_exon8,chr6,49607150,49607220
RHAG,30,NC_000006.12,NM_000324.3,-,NM_000324.3-9,RHAG_exon9,chr6,49606848,49606921
RHAG,30,NC_000006.12,NM_000324.3,-,NM_000324.3-10,RHAG_exon10,chr6,49605175,49605830
GBGT1,31,NC_000009.12,NM_021996.6,-,NM_021996.6-1,GBGT1_exon1,chr9,133163754,133163914
GBGT1,31,NC_000009.12,NM_021996.6,-,NM_021996.6-2,GBGT1_exon2,chr9,133162342,133162532
GBGT1,31,NC_000009.12,NM_021996.6,-,NM_021996.6-3,GBGT1_exon3,chr9,133161467,133161532
GBGT1,31,NC_000009.12,NM_021996.6,-,NM_021996.6-4,GBGT1_exon4,chr9,133156015,133156065
GBGT1,31,NC_000009.12,NM_021996.6,-,NM_021996.6-5,GBGT1_exon5,chr9,133155901,133155936
GBGT1,31,NC_000009.12,NM_021996.6,-,NM_021996.6-6,GBGT1_exon6,chr9,133155178,133155312
GBGT1,31,NC_000009.12,NM_021996.6,-,NM_021996.6-7,GBGT1_exon7,chr9,133152948,133154261
ABCG2,32,NC_000004.12,NM_004827.3,-,NM_004827.3-1,ABCG2_exon1,chr4,88158386,88158639
ABCG2,32,NC_000004.12,NM_004827.3,-,NM_004827.3-2,ABCG2_exon2,chr4,88139793,88140014
ABCG2,32,NC_000004.12,NM_004827.3,-,NM_004827.3-3,ABCG2_exon3,chr4,88132576,88132635
ABCG2,32,NC_000004.12,NM_004827.3,-,NM_004827.3-4,ABCG2_exon4,chr4,88131803,88131917
ABCG2,32,NC_000004.12,NM_004827.3,-,NM_004827.3-5,ABCG2_exon5,chr4,88131061,88131213
ABCG2,32,NC_000004.12,NM_004827.3,-,NM_004827.3-6,ABCG2_exon6,chr4,88121635,88121792
ABCG2,32,NC_000004.12,NM_004827.3,-,NM_004827.3-7,ABCG2_exon7,chr4,88118109,88118260
ABCG2,32,NC_000004.12,NM_004827.3,-,NM_004827.3-8,ABCG2_exon8,chr4,88114957,88115058
ABCG2,32,NC_000004.12,NM_004827.3,-,NM_004827.3-9,ABCG2_exon9,chr4,88113303,88113553
ABCG2,32,NC_000004.12,NM_004827.3,-,NM_004827.3-10,ABCG2_exon10,chr4,88107184,88107266
ABCG2,32,NC_000004.12,NM_004827.3,-,NM_004827.3-11,ABCG2_exon11,chr4,88101230,88101319
ABCG2,32,NC_000004.12,NM_004827.3,-,NM_004827.3-12,ABCG2_exon12,chr4,88099324,88099448
ABCG2,32,NC_000004.12,NM_004827.3,-,NM_004827.3-13,ABCG2_exon13,chr4,88097453,88097607
ABCG2,32,NC_000004.12,NM_004827.3,-,NM_004827.3-14,ABCG2_exon14,chr4,88095520,88095609
ABCG2,32,NC_000004.12,NM_004827.3,-,NM_004827.3-15,ABCG2_exon15,chr4,88094577,88094659
ABCG2,32,NC_000004.12,NM_004827.3,-,NM_004827.3-16,ABCG2_exon16,chr4,88090269,88092381
ABCB6,33,NC_000002.12,NM_005689.4,-,NM_005689.4-1,ABCB6_exon1,chr2,219218125,219218958
ABCB6,33,NC_000002.12,NM_005689.4,-,NM_005689.4-2,ABCB6_exon2,chr2,219217670,219217807
ABCB6,33,NC_000002.12,NM_005689.4,-,NM_005689.4-3,ABCB6_exon3,chr2,219216652,219216832
ABCB6,33,NC_000002.12,NM_005689.4,-,NM_005689.4-4,ABCB6_exon4,chr2,219216364,219216465
ABCB6,33,NC_000002.12,NM_005689.4,-,NM_005689.4-5,ABCB6_exon5,chr2,219215997,219216180
ABCB6,33,NC_000002.12,NM_005689.4,-,NM_005689.4-6,ABCB6_exon6,chr2,219214961,219215082
ABCB6,33,NC_000002.12,NM_005689.4,-,NM_005689.4-7,ABCB6_exon7,chr2,219214389,219214498
ABCB6,33,NC_000002.12,NM_005689.4,-,NM_005689.4-8,ABCB6_exon8,chr2,219214121,219214186
ABCB6,33,NC_000002.12,NM_005689.4,-,NM_005689.4-9,ABCB6_exon9,chr2,219213826,219213951
ABCB6,33,NC_000002.12,NM_005689.4,-,NM_005689.4-10,ABCB6_exon10,chr2,219213590,219213666
ABCB6,33,NC_000002.12,NM_005689.4,-,NM_005689.4-11,ABCB6_exon11,chr2,219213439,219213502
ABCB6,33,NC_000002.12,NM_005689.4,-,NM_005689.4-12,ABCB6_exon12,chr2,219213241,219213326
ABCB6,33,NC_000002.12,NM_005689.4,-,NM_005689.4-13,ABCB6_exon13,chr2,219213008,219213065
ABCB6,33,NC_000002.12,NM_005689.4,-,NM_005689.4-14,ABCB6_exon14,chr2,219212387,219212491
ABCB6,33,NC_000002.12,NM_005689.4,-,NM_005689.4-15,ABCB6_exon15,chr2,219210934,219211108
ABCB6,33,NC_000002.12,NM_005689.4,-,NM_005689.4-16,ABCB6_exon16,chr2,219210711,219210823
ABCB6,33,NC_000002.12,NM_005689.4,-,NM_005689.4-17,ABCB6_exon17,chr2,219210381,219210475
ABCB6,33,NC_000002.12,NM_005689.4,-,NM_005689.4-18,ABCB6_exon18,chr2,219210230,219210298
ABCB6,33,NC_000002.12,NM_005689.4,-,NM_005689.4-19,ABCB6_exon19,chr2,219209772,219210046
SMIM1,34,NC_000001.11,NM_001163724.3,+,NM_001163724.3-1,SMIM1_exon1,chr1,3772749,3772841
SMIM1,34,NC_000001.11,NM_001163724.3,+,NM_001163724.3-2,SMIM1_exon2,chr1,3773063,3773181
SMIM1,34,NC_000001.11,NM_001163724.3,+,NM_001163724.3-3,SMIM1_exon3,chr1,3775299,3775483
SMIM1,34,NC_000001.11,NM_001163724.3,+,NM_001163724.3-4,SMIM1_exon4,chr1,3775795,3775956
CD59,35,NC_000011.10,NM_203330.2,-,NM_203330.2-1,CD59_exon1,chr11,33736382,33736479
CD59,35,NC_000011.10,NM_203330.2,-,NM_203330.2-2,CD59_exon2,chr11,33733495,33733610
CD59,35,NC_000011.10,NM_203330.2,-,NM_203330.2-3,CD59_exon3,chr11,33731424,33731468
CD59,35,NC_000011.10,NM_203330.2,-,NM_203330.2-4,CD59_exon4,chr11,33722379,33722463
CD59,35,NC_000011.10,NM_203330.2,-,NM_203330.2-5,CD59_exon5,chr11,33717370,33717471
CD59,35,NC_000011.10,NM_203330.2,-,NM_203330.2-6,CD59_exon6,chr11,33703010,33710343
SLC29A1,36,NC_000006.12,NM_001304465.2,+,NM_001304465.2-1,SLC29A1_exon1,chr6,44219615,44219782
SLC29A1,36,NC_000006.12,NM_001304465.2,+,NM_001304465.2-2,SLC29A1_exon2,chr6,44227260,44227342
SLC29A1,36,NC_000006.12,NM_001304465.2,+,NM_001304465.2-3,SLC29A1_exon3,chr6,44229390,44229471
SLC29A1,36,NC_000006.12,NM_001304465.2,+,NM_001304465.2-4,SLC29A1_exon4,chr6,44229589,44229791
SLC29A1,36,NC_000006.12,NM_001304465.2,+,NM_001304465.2-5,SLC29A1_exon5,chr6,44229907,44230046
SLC29A1,36,NC_000006.12,NM_001304465.2,+,NM_001304465.2-6,SLC29A1_exon6,chr6,44230347,44230481
SLC29A1,36,NC_000006.12,NM_001304465.2,+,NM_001304465.2-7,SLC29A1_exon7,chr6,44230568,44230665
SLC29A1,36,NC_000006.12,NM_001304465.2,+,NM_001304465.2-8,SLC29A1_exon8,chr6,44230811,44230889
SLC29A1,36,NC_000006.12,NM_001304465.2,+,NM_001304465.2-9,SLC29A1_exon9,chr6,44231364,44231461
SLC29A1,36,NC_000006.12,NM_001304465.2,+,NM_001304465.2-10,SLC29A1_exon10,chr6,44231998,44232106
SLC29A1,36,NC_000006.12,NM_001304465.2,+,NM_001304465.2-11,SLC29A1_exon11,chr6,44232343,44232428
SLC29A1,36,NC_000006.12,NM_001304465.2,+,NM_001304465.2-12,SLC29A1_exon12,chr6,44232807,44233006
SLC29A1,36,NC_000006.12,NM_001304465.2,+,NM_001304465.2-13,SLC29A1_exon13,chr6,44233417,44234142
PRNP,37,NC_000020.11,NM_000311.5,+,NM_000311.5-1,PRNP_exon1,chr20,4686456,4686512
PRNP,37,NC_000020.11,NM_000311.5,+,NM_000311.5-2,PRNP_exon2,chr20,4699211,4701588
B4GALNT2,38,NC_000017.11,NM_153446.3,+,NM_153446.3-1,B4GALNT2_exon1,chr17,49132769,49133219
B4GALNT2,38,NC_000017.11,NM_153446.3,+,NM_153446.3-2,B4GALNT2_exon2,chr17,49141247,49141447
B4GALNT2,38,NC_000017.11,NM_153446.3,+,NM_153446.3-3,B4GALNT2_exon3,chr17,49142035,49142172
B4GALNT2,38,NC_000017.11,NM_153446.3,+,NM_153446.3-4,B4GALNT2_exon4,chr17,49152800,49152906
B4GALNT2,38,NC_000017.11,NM_153446.3,+,NM_153446.3-5,B4GALNT2_exon5,chr17,49156566,49156603
B4GALNT2,38,NC_000017.11,NM_153446.3,+,NM_153446.3-6,B4GALNT2_exon6,chr17,49159037,49159217
B4GALNT2,38,NC_000017.11,NM_153446.3,+,NM_153446.3-7,B4GALNT2_exon7,chr17,49160555,49160641
B4GALNT2,38,NC_000017.11,NM_153446.3,+,NM_153446.3-8,B4GALNT2_exon8,chr17,49164088,49164275
B4GALNT2,38,NC_000017.11,NM_153446.3,+,NM_153446.3-9,B4GALNT2_exon9,chr17,49166114,49166254
B4GALNT2,38,NC_000017.11,NM_153446.3,+,NM_153446.3-10,B4GALNT2_exon10,chr17,49168681,49168900
B4GALNT2,38,NC_000017.11,NM_153446.3,+,NM_153446.3-11,B4GALNT2_exon11,chr17,49169523,49176840
SLC44A2,39,NC_000019.10,NM_001145056.2,+,NM_001145056.2-1,SLC44A2_exon1,chr19,10602455,10602561
SLC44A2,39,NC_000019.10,NM_001145056.2,+,NM_001145056.2-2,SLC44A2_exon2,chr19,10626253,10626301
SLC44A2,39,NC_000019.10,NM_001145056.2,+,NM_001145056.2-3,SLC44A2_exon3,chr19,10627722,10627795
SLC44A2,39,NC_000019.10,NM_001145056.2,+,NM_001145056.2-4,SLC44A2_exon4,chr19,10627920,10628004
SLC44A2,39,NC_000019.10,NM_001145056.2,+,NM_001145056.2-5,SLC44A2_exon5,chr19,10631057,10631141
SLC44A2,39,NC_000019.10,NM_001145056.2,+,NM_001145056.2-6,SLC44A2_exon6,chr19,10631275,10631385
SLC44A2,39,NC_000019.10,NM_001145056.2,+,NM_001145056.2-7,SLC44A2_exon7,chr19,10631475,10631535
SLC44A2,39,NC_000019.10,NM_001145056.2,+,NM_001145056.2-8,SLC44A2_exon8,chr19,10631626,10631749
SLC44A2,39,NC_000019.10,NM_001145056.2,+,NM_001145056.2-9,SLC44A2_exon9,chr19,10631868,10631951
SLC44A2,39,NC_000019.10,NM_001145056.2,+,NM_001145056.2-10,SLC44A2_exon10,chr19,10632044,10632156
SLC44A2,39,NC_000019.10,NM_001145056.2,+,NM_001145056.2-11,SLC44A2_exon11,chr19,10634756,10634887
SLC44A2,39,NC_000019.10,NM_001145056.2,+,NM_001145056.2-12,SLC44A2_exon12,chr19,10634974,10635073
SLC44A2,39,NC_000019.10,NM_001145056.2,+,NM_001145056.2-13,SLC44A2_exon13,chr19,10635163,10635255
SLC44A2,39,NC_000019.10,NM_001145056.2,+,NM_001145056.2-14,SLC44A2_exon14,chr19,10635431,10635515
SLC44A2,39,NC_000019.10,NM_001145056.2,+,NM_001145056.2-15,SLC44A2_exon15,chr19,10636323,10636585
SLC44A2,39,NC_000019.10,NM_001145056.2,+,NM_001145056.2-16,SLC44A2_exon16,chr19,10636662,10636756
SLC44A2,39,NC_000019.10,NM_001145056.2,+,NM_001145056.2-17,SLC44A2_exon17,chr19,10637644,10637747
SLC44A2,39,NC_000019.10,NM_001145056.2,+,NM_001145056.2-18,SLC44A2_exon18,chr19,10637856,10637929
SLC44A2,39,NC_000019.10,NM_001145056.2,+,NM_001145056.2-19,SLC44A2_exon19,chr19,10638023,10638093
SLC44A2,39,NC_000019.10,NM_001145056.2,+,NM_001145056.2-20,SLC44A2_exon20,chr19,10638227,10638315
SLC44A2,39,NC_000019.10,NM_001145056.2,+,NM_001145056.2-21,SLC44A2_exon21,chr19,10642367,10642451
SLC44A2,39,NC_000019.10,NM_001145056.2,+,NM_001145056.2-22,SLC44A2_exon22,chr19,10643279,10644557
ABCC4,40,NC_000013.11,NM_005845.5,-,NM_005845.5-1,ABCC4_exon1,chr13,95301241,95301451
ABCC4,40,NC_000013.11,NM_005845.5,-,NM_005845.5-2,ABCC4_exon2,chr13,95247643,95247753
ABCC4,40,NC_000013.11,NM_005845.5,-,NM_005845.5-3,ABCC4_exon3,chr13,95246975,95247095
ABCC4,40,NC_000013.11,NM_005845.5,-,NM_005845.5-4,ABCC4_exon4,chr13,95234610,95234834
ABCC4,40,NC_000013.11,NM_005845.5,-,NM_005845.5-5,ABCC4_exon5,chr13,95210692,95210781
ABCC4,40,NC_000013.11,NM_005845.5,-,NM_005845.5-6,ABCC4_exon6,chr13,95209434,95209597
ABCC4,40,NC_000013.11,NM_005845.5,-,NM_005845.5-7,ABCC4_exon7,chr13,95207800,95207925
ABCC4,40,NC_000013.11,NM_005845.5,-,NM_005845.5-8,ABCC4_exon8,chr13,95206532,95206781
ABCC4,40,NC_000013.11,NM_005845.5,-,NM_005845.5-9,ABCC4_exon9,chr13,95194836,95194937
ABCC4,40,NC_000013.11,NM_005845.5,-,NM_005845.5-10,ABCC4_exon10,chr13,95188453,95188542
ABCC4,40,NC_000013.11,NM_005845.5,-,NM_005845.5-11,ABCC4_exon11,chr13,95186701,95186892
ABCC4,40,NC_000013.11,NM_005845.5,-,NM_005845.5-12,ABCC4_exon12,chr13,95177997,95178091
ABCC4,40,NC_000013.11,NM_005845.5,-,NM_005845.5-13,ABCC4_exon13,chr13,95177707,95177793
ABCC4,40,NC_000013.11,NM_005845.5,-,NM_005845.5-14,ABCC4_exon14,chr13,95170532,95170628
ABCC4,40,NC_000013.11,NM_005845.5,-,NM_005845.5-15,ABCC4_exon15,chr13,95166158,95166367
ABCC4,40,NC_000013.11,NM_005845.5,-,NM_005845.5-16,ABCC4_exon16,chr13,95164378,95164518
ABCC4,40,NC_000013.11,NM_005845.5,-,NM_005845.5-17,ABCC4_exon17,chr13,95163610,95163647
ABCC4,40,NC_000013.11,NM_005845.5,-,NM_005845.5-18,ABCC4_exon18,chr13,95163122,95163216
ABCC4,40,NC_000013.11,NM_005845.5,-,NM_005845.5-19,ABCC4_exon19,chr13,95161189,95161335
ABCC4,40,NC_000013.11,NM_005845.5,-,NM_005845.5-20,ABCC4_exon20,chr13,95115922,95116001
ABCC4,40,NC_000013.11,NM_005845.5,-,NM_005845.5-21,ABCC4_exon21,chr13,95083140,95083290
ABCC4,40,NC_000013.11,NM_005845.5,-,NM_005845.5-22,ABCC4_exon22,chr13,95075432,95075551
ABCC4,40,NC_000013.11,NM_005845.5,-,NM_005845.5-23,ABCC4_exon23,chr13,95074214,95074324
ABCC4,40,NC_000013.11,NM_005845.5,-,NM_005845.5-24,ABCC4_exon24,chr13,95073204,95073304
ABCC4,40,NC_000013.11,NM_005845.5,-,NM_005845.5-25,ABCC4_exon25,chr13,95071662,95071853
ABCC4,40,NC_000013.11,NM_005845.5,-,NM_005845.5-26,ABCC4_exon26,chr13,95062704,95062859
ABCC4,40,NC_000013.11,NM_005845.5,-,NM_005845.5-27,ABCC4_exon27,chr13,95053095,95053184
ABCC4,40,NC_000013.11,NM_005845.5,-,NM_005845.5-28,ABCC4_exon28,chr13,95044266,95044438
ABCC4,40,NC_000013.11,NM_005845.5,-,NM_005845.5-29,ABCC4_exon29,chr13,95043682,95043787
ABCC4,40,NC_000013.11,NM_005845.5,-,NM_005845.5-30,ABCC4_exon30,chr13,95034605,95034739
ABCC4,40,NC_000013.11,NM_005845.5,-,NM_005845.5-31,ABCC4_exon31,chr13,95019835,95021682
EMP3,41,NC_000019.10,NM_001425.3,+,NM_001425.3-1,EMP3_exon1,chr19,48325552,48325610
EMP3,41,NC_000019.10,NM_001425.3,+,NM_001425.3-2,EMP3_exon2,chr19,48326830,48326922
EMP3,41,NC_000019.10,NM_001425.3,+,NM_001425.3-3,EMP3_exon3,chr19,48327521,48327623
EMP3,41,NC_000019.10,NM_001425.3,+,NM_001425.3-4,EMP3_exon4,chr19,48329352,48329492
EMP3,41,NC_000019.10,NM_001425.3,+,NM_001425.3-5,EMP3_exon5,chr19,48330301,48330553
PIGG,42,NC_000004.12,NM_001127178.3,+,NM_001127178.3-1,PIGG_exon1,chr14,499210,499489
PIGG,42,NC_000004.12,NM_001127178.3,+,NM_001127178.3-2,PIGG_exon2,chr14,500396,500601
PIGG,42,NC_000004.12,NM_001127178.3,+,NM_001127178.3-3,PIGG_exon3,chr14,505718,505927
PIGG,42,NC_000004.12,NM_001127178.3,+,NM_001127178.3-4,PIGG_exon4,chr14,507405,507593
PIGG,42,NC_000004.12,NM_001127178.3,+,NM_001127178.3-5,PIGG_exon5,chr14,508829,508970
PIGG,42,NC_000004.12,NM_001127178.3,+,NM_001127178.3-6,PIGG_exon6,chr14,515973,516185
PIGG,42,NC_000004.12,NM_001127178.3,+,NM_001127178.3-7,PIGG_exon7,chr14,521056,521273
PIGG,42,NC_000004.12,NM_001127178.3,+,NM_001127178.3-8,PIGG_exon8,chr14,521660,521941
PIGG,42,NC_000004.12,NM_001127178.3,+,NM_001127178.3-9,PIGG_exon9,chr14,523459,523913
PIGG,42,NC_000004.12,NM_001127178.3,+,NM_001127178.3-10,PIGG_exon10,chr14,527039,527230
PIGG,42,NC_000004.12,NM_001127178.3,+,NM_001127178.3-11,PIGG_exon11,chr14,530436,530745
PIGG,42,NC_000004.12,NM_001127178.3,+,NM_001127178.3-12,PIGG_exon12,chr14,533818,533981
PIGG,42,NC_000004.12,NM_001127178.3,+,NM_001127178.3-13,PIGG_exon13,chr14,539153,540200
ABCC1,43,NC_000016.10,NM_004996.4,+,NM_004996.4-1,ABCC1_exon1,chr16,15949616,15949799
ABCC1,43,NC_000016.10,NM_004996.4,+,NM_004996.4-2,ABCC1_exon2,chr16,16007816,16007992
ABCC1,43,NC_000016.10,NM_004996.4,+,NM_004996.4-3,ABCC1_exon3,chr16,16009776,16009901
ABCC1,43,NC_000016.10,NM_004996.4,+,NM_004996.4-4,ABCC1_exon4,chr16,16014491,16014628
ABCC1,43,NC_000016.10,NM_004996.4,+,NM_004996.4-5,ABCC1_exon5,chr16,16016496,16016621
ABCC1,43,NC_000016.10,NM_004996.4,+,NM_004996.4-6,ABCC1_exon6,chr16,16033109,16033170
ABCC1,43,NC_000016.10,NM_004996.4,+,NM_004996.4-7,ABCC1_exon7,chr16,16036472,16036603
ABCC1,43,NC_000016.10,NM_004996.4,+,NM_004996.4-8,ABCC1_exon8,chr16,16044450,16044680
ABCC1,43,NC_000016.10,NM_004996.4,+,NM_004996.4-9,ABCC1_exon9,chr16,16045836,16046013
ABCC1,43,NC_000016.10,NM_004996.4,+,NM_004996.4-10,ABCC1_exon10,chr16,16048142,16048303
ABCC1,43,NC_000016.10,NM_004996.4,+,NM_004996.4-11,ABCC1_exon11,chr16,16052724,16052816
ABCC1,43,NC_000016.10,NM_004996.4,+,NM_004996.4-12,ABCC1_exon12,chr16,16056092,16056295
ABCC1,43,NC_000016.10,NM_004996.4,+,NM_004996.4-13,ABCC1_exon13,chr16,16068156,16068302
ABCC1,43,NC_000016.10,NM_004996.4,+,NM_004996.4-14,ABCC1_exon14,chr16,16071642,16071729
ABCC1,43,NC_000016.10,NM_004996.4,+,NM_004996.4-15,ABCC1_exon15,chr16,16076326,16076401
ABCC1,43,NC_000016.10,NM_004996.4,+,NM_004996.4-16,ABCC1_exon16,chr16,16079352,16079478
ABCC1,43,NC_000016.10,NM_004996.4,+,NM_004996.4-17,ABCC1_exon17,chr16,16083366,16083542
ABCC1,43,NC_000016.10,NM_004996.4,+,NM_004996.4-18,ABCC1_exon18,chr16,16086824,16086991
ABCC1,43,NC_000016.10,NM_004996.4,+,NM_004996.4-19,ABCC1_exon19,chr16,16090405,16090588
ABCC1,43,NC_000016.10,NM_004996.4,+,NM_004996.4-20,ABCC1_exon20,chr16,16102627,16102717
ABCC1,43,NC_000016.10,NM_004996.4,+,NM_004996.4-21,ABCC1_exon21,chr16,16106738,16106873
ABCC1,43,NC_000016.10,NM_004996.4,+,NM_004996.4-22,ABCC1_exon22,chr16,16111375,16111582
ABCC1,43,NC_000016.10,NM_004996.4,+,NM_004996.4-23,ABCC1_exon23,chr16,16114766,16115076
ABCC1,43,NC_000016.10,NM_004996.4,+,NM_004996.4-24,ABCC1_exon24,chr16,16121975,16122174
ABCC1,43,NC_000016.10,NM_004996.4,+,NM_004996.4-25,ABCC1_exon25,chr16,16124789,16124915
ABCC1,43,NC_000016.10,NM_004996.4,+,NM_004996.4-26,ABCC1_exon26,chr16,16125810,16125911
ABCC1,43,NC_000016.10,NM_004996.4,+,NM_004996.4-27,ABCC1_exon27,chr16,16131789,16131935
ABCC1,43,NC_000016.10,NM_004996.4,+,NM_004996.4-28,ABCC1_exon28,chr16,16134350,16134508
ABCC1,43,NC_000016.10,NM_004996.4,+,NM_004996.4-29,ABCC1_exon29,chr16,16136478,16136644
ABCC1,43,NC_000016.10,NM_004996.4,+,NM_004996.4-30,ABCC1_exon30,chr16,16138364,16138558
ABCC1,43,NC_000016.10,NM_004996.4,+,NM_004996.4-31,ABCC1_exon31,chr16,16141173,16143053
PIEZO1,44,NC_000016.10,NM_001142864.4,-,NM_001142864.4-1,PIEZO1_exon1,chr16,88784901,88785220
PIEZO1,44,NC_000016.10,NM_001142864.4,-,NM_001142864.4-2,PIEZO1_exon2,chr16,88749384,88749479
PIEZO1,44,NC_000016.10,NM_001142864.4,-,NM_001142864.4-3,PIEZO1_exon3,chr16,88742300,88742422
PIEZO1,44,NC_000016.10,NM_001142864.4,-,NM_001142864.4-4,PIEZO1_exon4,chr16,88742053,88742095
PIEZO1,44,NC_000016.10,NM_001142864.4,-,NM_001142864.4-5,PIEZO1_exon5,chr16,88741478,88741616
PIEZO1,44,NC_000016.10,NM_001142864.4,-,NM_001142864.4-6,PIEZO1_exon6,chr16,88738568,88738736
PIEZO1,44,NC_000016.10,NM_001142864.4,-,NM_001142864.4-7,PIEZO1_exon7,chr16,88738227,88738440
PIEZO1,44,NC_000016.10,NM_001142864.4,-,NM_001142864.4-8,PIEZO1_exon8,chr16,88737934,88738105
PIEZO1,44,NC_000016.10,NM_001142864.4,-,NM_001142864.4-9,PIEZO1_exon9,chr16,88737728,88737814
PIEZO1,44,NC_000016.10,NM_001142864.4,-,NM_001142864.4-10,PIEZO1_exon10,chr16,88737559,88737646
PIEZO1,44,NC_000016.10,NM_001142864.4,-,NM_001142864.4-11,PIEZO1_exon11,chr16,88736639,88736739
PIEZO1,44,NC_000016.10,NM_001142864.4,-,NM_001142864.4-12,PIEZO1_exon12,chr16,88736148,88736408
PIEZO1,44,NC_000016.10,NM_001142864.4,-,NM_001142864.4-13,PIEZO1_exon13,chr16,88735135,88735246
PIEZO1,44,NC_000016.10,NM_001142864.4,-,NM_001142864.4-14,PIEZO1_exon14,chr16,88734875,88735053
PIEZO1,44,NC_000016.10,NM_001142864.4,-,NM_001142864.4-15,PIEZO1_exon15,chr16,88734650,88734798
PIEZO1,44,NC_000016.10,NM_001142864.4,-,NM_001142864.4-16,PIEZO1_exon16,chr16,88734356,88734538
PIEZO1,44,NC_000016.10,NM_001142864.4,-,NM_001142864.4-17,PIEZO1_exon17,chr16,88733906,88734054
PIEZO1,44,NC_000016.10,NM_001142864.4,-,NM_001142864.4-18,PIEZO1_exon18,chr16,88733588,88733745
PIEZO1,44,NC_000016.10,NM_001142864.4,-,NM_001142864.4-19,PIEZO1_exon19,chr16,88733278,88733454
PIEZO1,44,NC_000016.10,NM_001142864.4,-,NM_001142864.4-20,PIEZO1_exon20,chr16,88732607,88732732
PIEZO1,44,NC_000016.10,NM_001142864.4,-,NM_001142864.4-21,PIEZO1_exon21,chr16,88732335,88732535
PIEZO1,44,NC_000016.10,NM_001142864.4,-,NM_001142864.4-22,PIEZO1_exon22,chr16,88731706,88731910
PIEZO1,44,NC_000016.10,NM_001142864.4,-,NM_001142864.4-23,PIEZO1_exon23,chr16,88727557,88727661
PIEZO1,44,NC_000016.10,NM_001142864.4,-,NM_001142864.4-24,PIEZO1_exon24,chr16,88727039,88727192
PIEZO1,44,NC_000016.10,NM_001142864.4,-,NM_001142864.4-25,PIEZO1_exon25,chr16,88726715,88726958
PIEZO1,44,NC_000016.10,NM_001142864.4,-,NM_001142864.4-26,PIEZO1_exon26,chr16,88726547,88726643
PIEZO1,44,NC_000016.10,NM_001142864.4,-,NM_001142864.4-27,PIEZO1_exon27,chr16,88726284,88726455
PIEZO1,44,NC_000016.10,NM_001142864.4,-,NM_001142864.4-28,PIEZO1_exon28,chr16,88725595,88725684
PIEZO1,44,NC_000016.10,NM_001142864.4,-,NM_001142864.4-29,PIEZO1_exon29,chr16,88725416,88725519
PIEZO1,44,NC_000016.10,NM_001142864.4,-,NM_001142864.4-30,PIEZO1_exon30,chr16,88725009,88725080
PIEZO1,44,NC_000016.10,NM_001142864.4,-,NM_001142864.4-31,PIEZO1_exon31,chr16,88723871,88723971
PIEZO1,44,NC_000016.10,NM_001142864.4,-,NM_001142864.4-32,PIEZO1_exon32,chr16,88723226,88723328
PIEZO1,44,NC_000016.10,NM_001142864.4,-,NM_001142864.4-33,PIEZO1_exon33,chr16,88723095,88723151
PIEZO1,44,NC_000016.10,NM_001142864.4,-,NM_001142864.4-34,PIEZO1_exon34,chr16,88722837,88723009
PIEZO1,44,NC_000016.10,NM_001142864.4,-,NM_001142864.4-35,PIEZO1_exon35,chr16,88722583,88722689
PIEZO1,44,NC_000016.10,NM_001142864.4,-,NM_001142864.4-36,PIEZO1_exon36,chr16,88722218,88722397
PIEZO1,44,NC_000016.10,NM_001142864.4,-,NM_001142864.4-37,PIEZO1_exon37,chr16,88721808,88722066
PIEZO1,44,NC_000016.10,NM_001142864.4,-,NM_001142864.4-38,PIEZO1_exon38,chr16,88721538,88721726
PIEZO1,44,NC_000016.10,NM_001142864.4,-,NM_001142864.4-39,PIEZO1_exon39,chr16,88721166,88721430
PIEZO1,44,NC_000016.10,NM_001142864.4,-,NM_001142864.4-40,PIEZO1_exon40,chr16,88720616,88720748
PIEZO1,44,NC_000016.10,NM_001142864.4,-,NM_001142864.4-41,PIEZO1_exon41,chr16,88720385,88720532
PIEZO1,44,NC_000016.10,NM_001142864.4,-,NM_001142864.4-42,PIEZO1_exon42,chr16,88720069,88720283
PIEZO1,44,NC_000016.10,NM_001142864.4,-,NM_001142864.4-43,PIEZO1_exon43,chr16,88719802,88719960
PIEZO1,44,NC_000016.10,NM_001142864.4,-,NM_001142864.4-44,PIEZO1_exon44,chr16,88719574,88719721
PIEZO1,44,NC_000016.10,NM_001142864.4,-,NM_001142864.4-45,PIEZO1_exon45,chr16,88717023,88717211
PIEZO1,44,NC_000016.10,NM_001142864.4,-,NM_001142864.4-46,PIEZO1_exon46,chr16,88716806,88716898
PIEZO1,44,NC_000016.10,NM_001142864.4,-,NM_001142864.4-47,PIEZO1_exon47,chr16,88716559,88716731
PIEZO1,44,NC_000016.10,NM_001142864.4,-,NM_001142864.4-48,PIEZO1_exon48,chr16,88716361,88716483
PIEZO1,44,NC_000016.10,NM_001142864.4,-,NM_001142864.4-49,PIEZO1_exon49,chr16,88716198,88716277
PIEZO1,44,NC_000016.10,NM_001142864.4,-,NM_001142864.4-50,PIEZO1_exon50,chr16,88715933,88716119
PIEZO1,44,NC_000016.10,NM_001142864.4,-,NM_001142864.4-51,PIEZO1_exon51,chr16,88715338,88715854
ATP11C,46,NC_000023.11,NM_173694.5,-,NM_173694.5-1,ATP11C_exon1,chrX,139832154,139832241
ATP11C,46,NC_000023.11,NM_173694.5,-,NM_173694.5-2,ATP11C_exon2,chrX,139826704,139826823
ATP11C,46,NC_000023.11,NM_173694.5,-,NM_173694.5-3,ATP11C_exon3,chrX,139819338,139819427
ATP11C,46,NC_000023.11,NM_173694.5,-,NM_173694.5-4,ATP11C_exon4,chrX,139816863,139816943
ATP11C,46,NC_000023.11,NM_173694.5,-,NM_173694.5-5,ATP11C_exon5,chrX,139814878,139814985
ATP11C,46,NC_000023.11,NM_173694.5,-,NM_173694.5-6,ATP11C_exon6,chrX,139804471,139804599
ATP11C,46,NC_000023.11,NM_173694.5,-,NM_173694.5-7,ATP11C_exon7,chrX,139802236,139802339
ATP11C,46,NC_000023.11,NM_173694.5,-,NM_173694.5-8,ATP11C_exon8,chrX,139800060,139800110
ATP11C,46,NC_000023.11,NM_173694.5,-,NM_173694.5-9,ATP11C_exon9,chrX,139798679,139798743
ATP11C,46,NC_000023.11,NM_173694.5,-,NM_173694.5-10,ATP11C_exon10,chrX,139798273,139798354
ATP11C,46,NC_000023.11,NM_173694.5,-,NM_173694.5-11,ATP11C_exon11,chrX,139797176,139797326
ATP11C,46,NC_000023.11,NM_173694.5,-,NM_173694.5-12,ATP11C_exon12,chrX,139796273,139796470
ATP11C,46,NC_000023.11,NM_173694.5,-,NM_173694.5-13,ATP11C_exon13,chrX,139789327,139789488
ATP11C,46,NC_000023.11,NM_173694.5,-,NM_173694.5-14,ATP11C_exon14,chrX,139788192,139788343
ATP11C,46,NC_000023.11,NM_173694.5,-,NM_173694.5-15,ATP11C_exon15,chrX,139787173,139787244
ATP11C,46,NC_000023.11,NM_173694.5,-,NM_173694.5-16,ATP11C_exon16,chrX,139785226,139785299
ATP11C,46,NC_000023.11,NM_173694.5,-,NM_173694.5-17,ATP11C_exon17,chrX,139783164,139783267
ATP11C,46,NC_000023.11,NM_173694.5,-,NM_173694.5-18,ATP11C_exon18,chrX,139782547,139782728
ATP11C,46,NC_000023.11,NM_173694.5,-,NM_173694.5-19,ATP11C_exon19,chrX,139774690,139774953
ATP11C,46,NC_000023.11,NM_173694.5,-,NM_173694.5-20,ATP11C_exon20,chrX,139768260,139768434
ATP11C,46,NC_000023.11,NM_173694.5,-,NM_173694.5-21,ATP11C_exon21,chrX,139763316,139763418
ATP11C,46,NC_000023.11,NM_173694.5,-,NM_173694.5-22,ATP11C_exon22,chrX,139761961,139762106
ATP11C,46,NC_000023.11,NM_173694.5,-,NM_173694.5-23,ATP11C_exon23,chrX,139757808,139757867
ATP11C,46,NC_000023.11,NM_173694.5,-,NM_173694.5-24,ATP11C_exon24,chrX,139750025,139750152
ATP11C,46,NC_000023.11,NM_173694.5,-,NM_173694.5-25,ATP11C_exon25,chrX,139745722,139745857
ATP11C,46,NC_000023.11,NM_173694.5,-,NM_173694.5-26,ATP11C_exon26,chrX,139743559,139743624
ATP11C,46,NC_000023.11,NM_173694.5,-,NM_173694.5-27,ATP11C_exon27,chrX,139740991,139741094
ATP11C,46,NC_000023.11,NM_173694.5,-,NM_173694.5-28,ATP11C_exon28,chrX,139737916,139738069
ATP11C,46,NC_000023.11,NM_173694.5,-,NM_173694.5-29,ATP11C_exon29,chrX,139731651,139731755
ATP11C,46,NC_000023.11,NM_173694.5,-,NM_173694.5-30,ATP11C_exon30,chrX,139726348,139728962
GATA1,102,NC_000023.11,NM_002049.4,+,NM_002049.4-1,GATA1_exon1,chrX,48786590,48786645
GATA1,102,NC_000023.11,NM_002049.4,+,NM_002049.4-2,GATA1_exon2,chrX,48791091,48791329
GATA1,102,NC_000023.11,NM_002049.4,+,NM_002049.4-3,GATA1_exon3,chrX,48791844,48792221
GATA1,102,NC_000023.11,NM_002049.4,+,NM_002049.4-4,GATA1_exon4,chrX,48792323,48792468
GATA1,102,NC_000023.11,NM_002049.4,+,NM_002049.4-5,GATA1_exon5,chrX,48793172,48793297
GATA1,102,NC_000023.11,NM_002049.4,+,NM_002049.4-6,GATA1_exon6,chrX,48793793,48794311
KLF1,999,NC_000019.10,NM_006563.5,-,NM_006563.5-1,KLF1_exon1,chr19,12887054,12887201
KLF1,999,NC_000019.10,NM_006563.5,-,NM_006563.5-2,KLF1_exon2,chr19,12885317,12886142
KLF1,999,NC_000019.10,NM_006563.5,-,NM_006563.5-3,KLF1_exon3,chr19,12884422,12885060
